coo: 48.867502_12.600753;E 00:00:00;A 00:00:00;E 01:00:00;A 01:00:00;E 02:00:00;A 02:00:00;E 03:00:00;A 03:00:00;E 04:00:00;A 04:00:00;E 05:00:00;A 05:00:00;E 06:00:00;A 06:00:00;E 07:00:00;A 07:00:00;E 08:00:00;A 08:00:00;E 09:00:00;A 09:00:00;E 10:00:00;A 10:00:00;E 11:00:00;A 11:00:00;E 12:00:00;A 12:00:00;E 13:00:00;A 13:00:00;E 14:00:00;A 14:00:00;E 15:00:00;A 15:00:00;E 16:00:00;A 16:00:00;E 17:00:00;A 17:00:00;E 18:00:00;A 18:00:00;E 19:00:00;A 19:00:00;E 20:00:00;A 20:00:00;E 21:00:00;A 21:00:00;E 22:00:00;A 22:00:00;E 23:00:00;A 23:00:00;
2021-01-01;--;--;--;--;--;--;--;--;--;--;--;--;--;--;--;--;--;--;--;--;6.25;136.24;12.25;148.84;16.33;162.45;18.11;176.78;17.42;191.26;14.33;205.25;9.14;218.32;2.25;230.35;--;--;--;--;--;--;--;--;--;--;--;--;
2021-01-02;--;--;--;--;--;--;--;--;--;--;--;--;--;--;--;--;--;--;--;--;6.28;136.10;12.30;148.70;16.39;162.32;18.20;176.67;17.53;191.16;14.45;205.17;9.27;218.26;2.39;230.31;--;--;--;--;--;--;--;--;--;--;--;--;
2021-01-03;--;--;--;--;--;--;--;--;--;--;--;--;--;--;--;--;--;--;--;--;6.31;135.96;12.35;148.57;16.46;162.19;18.29;176.55;17.64;191.07;14.58;205.10;9.40;218.21;2.53;230.27;--;--;--;--;--;--;--;--;--;--;--;--;
2021-01-04;--;--;--;--;--;--;--;--;--;--;--;--;--;--;--;--;--;--;--;--;6.35;135.82;12.41;148.43;16.54;162.06;18.39;176.44;17.76;190.97;14.71;205.03;9.54;218.16;2.67;230.24;--;--;--;--;--;--;--;--;--;--;--;--;
2021-01-05;--;--;--;--;--;--;--;--;--;--;--;--;--;--;--;--;--;--;--;--;6.39;135.67;12.47;148.29;16.63;161.93;18.50;176.32;17.88;190.88;14.85;204.96;9.69;218.12;2.82;230.22;--;--;--;--;--;--;--;--;--;--;--;--;
2021-01-06;--;--;--;--;--;--;--;--;--;--;--;--;--;--;--;--;--;--;--;--;6.44;135.53;12.54;148.14;16.72;161.80;18.61;176.21;18.01;190.79;14.99;204.90;9.84;218.08;2.98;230.20;--;--;--;--;--;--;--;--;--;--;--;--;
2021-01-07;--;--;--;--;--;--;--;--;--;--;--;--;--;--;--;--;--;--;--;--;6.50;135.37;12.62;148.00;16.82;161.67;18.73;176.10;18.15;190.71;15.15;204.84;10.00;218.05;3.14;230.19;--;--;--;--;--;--;--;--;--;--;--;--;
2021-01-08;--;--;--;--;--;--;--;--;--;--;--;--;--;--;--;--;--;--;--;--;6.57;135.22;12.71;147.85;16.93;161.54;18.86;175.99;18.30;190.62;15.30;204.79;10.17;218.02;3.31;230.18;--;--;--;--;--;--;--;--;--;--;--;--;
2021-01-09;--;--;--;--;--;--;--;--;--;--;--;--;--;--;--;--;--;--;--;--;6.64;135.07;12.80;147.71;17.05;161.41;19.00;175.88;18.45;190.54;15.47;204.74;10.34;217.99;3.48;230.18;--;--;--;--;--;--;--;--;--;--;--;--;
2021-01-10;--;--;--;--;--;--;--;--;--;--;--;--;--;--;--;--;--;--;--;--;6.72;134.91;12.90;147.56;17.17;161.27;19.14;175.77;18.61;190.46;15.64;204.69;10.51;217.97;3.66;230.18;--;--;--;--;--;--;--;--;--;--;--;--;
2021-01-11;--;--;--;--;--;--;--;--;--;--;--;--;--;--;--;--;--;--;--;--;6.81;134.75;13.01;147.41;17.30;161.14;19.30;175.66;18.78;190.39;15.81;204.65;10.69;217.96;3.84;230.19;--;--;--;--;--;--;--;--;--;--;--;--;
2021-01-12;--;--;--;--;--;--;--;--;--;--;--;--;--;--;--;--;--;--;-0.79;122.94;6.91;134.59;13.13;147.26;17.44;161.01;19.45;175.56;18.95;190.32;16.00;204.61;10.88;217.95;4.03;230.20;--;--;--;--;--;--;--;--;--;--;--;--;
2021-01-13;--;--;--;--;--;--;--;--;--;--;--;--;--;--;--;--;--;--;-0.70;122.77;7.01;134.43;13.25;147.11;17.59;160.88;19.62;175.46;19.13;190.25;16.19;204.57;11.07;217.95;4.22;230.22;--;--;--;--;--;--;--;--;--;--;--;--;
2021-01-14;--;--;--;--;--;--;--;--;--;--;--;--;--;--;--;--;--;--;-0.61;122.60;7.12;134.26;13.38;146.96;17.74;160.75;19.79;175.36;19.32;190.18;16.38;204.54;11.27;217.95;4.41;230.25;--;--;--;--;--;--;--;--;--;--;--;--;
2021-01-15;--;--;--;--;--;--;--;--;--;--;--;--;--;--;--;--;--;--;-0.51;122.42;7.23;134.10;13.52;146.81;17.90;160.62;19.97;175.26;19.51;190.12;16.58;204.52;11.47;217.95;4.61;230.28;--;--;--;--;--;--;--;--;--;--;--;--;
2021-01-16;--;--;--;--;--;--;--;--;--;--;--;--;--;--;--;--;--;--;-0.41;122.24;7.36;133.93;13.66;146.66;18.06;160.50;20.15;175.16;19.71;190.06;16.79;204.50;11.68;217.96;4.82;230.32;--;--;--;--;--;--;--;--;--;--;--;--;
2021-01-17;--;--;--;--;--;--;--;--;--;--;--;--;--;--;--;--;--;--;-0.30;122.07;7.49;133.77;13.81;146.51;18.24;160.37;20.35;175.07;19.92;190.01;17.00;204.48;11.89;217.98;5.03;230.36;--;--;--;--;--;--;--;--;--;--;--;--;
2021-01-18;--;--;--;--;--;--;--;--;--;--;--;--;--;--;--;--;--;--;-0.18;121.88;7.62;133.60;13.97;146.36;18.42;160.24;20.54;174.97;20.13;189.95;17.22;204.47;12.11;218.00;5.24;230.41;--;--;--;--;--;--;--;--;--;--;--;--;
2021-01-19;--;--;--;--;--;--;--;--;--;--;--;--;--;--;--;--;--;--;-0.06;121.70;7.76;133.43;14.14;146.21;18.60;160.11;20.75;174.88;20.35;189.90;17.44;204.46;12.33;218.03;5.45;230.46;--;--;--;--;--;--;--;--;--;--;--;--;
2021-01-20;--;--;--;--;--;--;--;--;--;--;--;--;--;--;--;--;--;--;0.07;121.52;7.91;133.25;14.31;146.05;18.80;159.99;20.96;174.79;20.57;189.86;17.66;204.46;12.55;218.06;5.67;230.52;--;--;--;--;--;--;--;--;--;--;--;--;
2021-01-21;--;--;--;--;--;--;--;--;--;--;--;--;--;--;--;--;--;--;0.21;121.33;8.07;133.08;14.49;145.90;19.00;159.86;21.18;174.71;20.80;189.82;17.90;204.46;12.78;218.10;5.90;230.59;--;--;--;--;--;--;--;--;--;--;--;--;
2021-01-22;--;--;--;--;--;--;--;--;--;--;--;--;--;--;--;--;--;--;0.36;121.14;8.23;132.91;14.67;145.75;19.20;159.74;21.40;174.62;21.03;189.78;18.14;204.46;13.02;218.14;6.12;230.66;--;--;--;--;--;--;--;--;--;--;--;--;
2021-01-23;--;--;--;--;--;--;--;--;--;--;--;--;--;--;--;--;--;--;0.51;120.96;8.40;132.74;14.86;145.59;19.41;159.62;21.63;174.54;21.27;189.75;18.38;204.47;13.26;218.19;6.36;230.74;--;--;--;--;--;--;--;--;--;--;--;--;
2021-01-24;--;--;--;--;--;--;--;--;--;--;--;--;--;--;--;--;--;--;0.67;120.77;8.58;132.56;15.06;145.44;19.63;159.50;21.87;174.46;21.52;189.71;18.63;204.49;13.50;218.24;6.59;230.82;--;--;--;--;--;--;--;--;--;--;--;--;
2021-01-25;--;--;--;--;--;--;--;--;--;--;--;--;--;--;--;--;--;--;0.83;120.58;8.76;132.39;15.27;145.29;19.86;159.38;22.11;174.39;21.77;189.69;18.88;204.51;13.74;218.30;6.83;230.91;--;--;--;--;--;--;--;--;--;--;--;--;
2021-01-26;--;--;--;--;--;--;--;--;--;--;--;--;--;--;--;--;--;--;1.00;120.38;8.95;132.21;15.48;145.14;20.09;159.26;22.36;174.31;22.03;189.66;19.13;204.54;13.99;218.37;7.07;231.00;--;--;--;--;--;--;--;--;--;--;--;--;
2021-01-27;--;--;--;--;--;--;--;--;--;--;--;--;--;--;--;--;--;--;1.18;120.19;9.15;132.03;15.69;144.98;20.33;159.14;22.61;174.24;22.29;189.65;19.40;204.57;14.25;218.44;7.31;231.10;--;--;--;--;--;--;--;--;--;--;--;--;
2021-01-28;--;--;--;--;--;--;--;--;--;--;--;--;--;--;--;--;--;--;1.36;120.00;9.35;131.86;15.92;144.83;20.57;159.02;22.87;174.17;22.56;189.63;19.66;204.60;14.51;218.52;7.56;231.21;-0.70;242.86;--;--;--;--;--;--;--;--;--;--;
2021-01-29;--;--;--;--;--;--;--;--;--;--;--;--;--;--;--;--;--;--;1.55;119.80;9.56;131.68;16.15;144.68;20.82;158.91;23.14;174.11;22.83;189.62;19.93;204.64;14.77;218.60;7.81;231.32;-0.46;243.00;--;--;--;--;--;--;--;--;--;--;
2021-01-30;--;--;--;--;--;--;--;--;--;--;--;--;--;--;--;--;--;--;1.74;119.61;9.77;131.50;16.38;144.53;21.08;158.80;23.41;174.04;23.11;189.61;20.20;204.69;15.03;218.68;8.06;231.44;-0.22;243.13;--;--;--;--;--;--;--;--;--;--;
2021-01-31;--;--;--;--;--;--;--;--;--;--;--;--;--;--;--;--;--;--;1.94;119.41;9.99;131.33;16.62;144.38;21.34;158.68;23.68;173.98;23.39;189.61;20.48;204.74;15.30;218.78;8.31;231.56;0.02;243.28;--;--;--;--;--;--;--;--;--;--;
2021-02-01;--;--;--;--;--;--;--;--;--;--;--;--;--;--;--;--;--;--;2.15;119.21;10.22;131.15;16.87;144.23;21.61;158.57;23.97;173.93;23.67;189.61;20.76;204.79;15.57;218.87;8.57;231.69;0.26;243.43;--;--;--;--;--;--;--;--;--;--;
2021-02-02;--;--;--;--;--;--;--;--;--;--;--;--;--;--;--;--;--;--;2.36;119.02;10.45;130.97;17.12;144.08;21.88;158.46;24.25;173.87;23.96;189.61;21.05;204.85;15.84;218.98;8.83;231.82;0.51;243.59;--;--;--;--;--;--;--;--;--;--;
2021-02-03;--;--;--;--;--;--;--;--;--;--;--;--;--;--;--;--;--;--;2.58;118.82;10.69;130.79;17.38;143.93;22.16;158.36;24.54;173.82;24.26;189.62;21.34;204.91;16.12;219.08;9.09;231.96;0.76;243.75;--;--;--;--;--;--;--;--;--;--;
2021-02-04;--;--;--;--;--;--;--;--;--;--;--;--;--;--;--;--;--;--;2.81;118.62;10.93;130.61;17.64;143.78;22.44;158.25;24.84;173.77;24.56;189.64;21.63;204.98;16.40;219.20;9.36;232.11;1.01;243.91;--;--;--;--;--;--;--;--;--;--;
2021-02-05;--;--;--;--;--;--;--;--;--;--;--;--;--;--;--;--;--;--;3.04;118.42;11.18;130.44;17.91;143.63;22.73;158.15;25.14;173.72;24.86;189.65;21.93;205.06;16.68;219.32;9.62;232.26;1.26;244.09;--;--;--;--;--;--;--;--;--;--;
2021-02-06;--;--;--;--;--;--;--;--;--;--;--;--;--;--;--;--;--;--;3.27;118.22;11.43;130.26;18.19;143.48;23.02;158.04;25.45;173.68;25.17;189.67;22.23;205.14;16.97;219.44;9.89;232.41;1.51;244.26;--;--;--;--;--;--;--;--;--;--;
2021-02-07;--;--;--;--;--;--;--;--;--;--;--;--;--;--;--;--;--;--;3.51;118.03;11.69;130.08;18.47;143.34;23.32;157.94;25.76;173.64;25.48;189.70;22.53;205.22;17.25;219.57;10.16;232.58;1.77;244.45;--;--;--;--;--;--;--;--;--;--;
2021-02-08;--;--;--;--;--;--;--;--;--;--;--;--;--;--;--;--;--;--;3.76;117.83;11.95;129.90;18.75;143.19;23.62;157.84;26.07;173.60;25.80;189.73;22.84;205.31;17.54;219.71;10.43;232.74;2.02;244.64;--;--;--;--;--;--;--;--;--;--;
2021-02-09;--;--;--;--;--;--;--;--;--;--;--;--;--;--;--;--;--;--;4.01;117.63;12.22;129.73;19.04;143.05;23.93;157.75;26.39;173.57;26.12;189.76;23.15;205.41;17.84;219.85;10.71;232.91;2.28;244.83;--;--;--;--;--;--;--;--;--;--;
2021-02-10;--;--;--;--;--;--;--;--;--;--;--;--;--;--;--;--;--;--;4.27;117.43;12.50;129.55;19.34;142.90;24.24;157.65;26.72;173.53;26.44;189.80;23.46;205.51;18.13;219.99;10.98;233.09;2.54;245.03;--;--;--;--;--;--;--;--;--;--;
2021-02-11;--;--;--;--;--;--;--;--;--;--;--;--;--;--;--;--;--;--;4.53;117.23;12.78;129.37;19.63;142.76;24.56;157.56;27.04;173.51;26.77;189.84;23.77;205.61;18.43;220.14;11.26;233.27;2.80;245.23;--;--;--;--;--;--;--;--;--;--;
2021-02-12;--;--;--;--;--;--;--;--;--;--;--;--;--;--;--;--;--;--;4.79;117.03;13.06;129.20;19.94;142.62;24.88;157.47;27.38;173.48;27.10;189.89;24.09;205.72;18.73;220.30;11.54;233.46;3.06;245.44;--;--;--;--;--;--;--;--;--;--;
2021-02-13;--;--;--;--;--;--;--;--;--;--;--;--;--;--;--;--;--;--;5.06;116.83;13.35;129.02;20.25;142.47;25.21;157.37;27.71;173.46;27.43;189.94;24.41;205.84;19.03;220.46;11.82;233.65;3.32;245.65;--;--;--;--;--;--;--;--;--;--;
2021-02-14;--;--;--;--;--;--;--;--;--;--;--;--;--;--;--;--;--;--;5.34;116.63;13.64;128.84;20.56;142.33;25.54;157.29;28.05;173.44;27.77;189.99;24.73;205.96;19.33;220.63;12.10;233.85;3.59;245.87;--;--;--;--;--;--;--;--;--;--;
2021-02-15;--;--;--;--;--;--;--;--;--;--;--;--;--;--;--;--;--;--;5.62;116.43;13.94;128.67;20.88;142.19;25.87;157.20;28.39;173.42;28.11;190.05;25.06;206.08;19.63;220.80;12.38;234.05;3.85;246.09;--;--;--;--;--;--;--;--;--;--;
2021-02-16;--;--;--;--;--;--;--;--;--;--;--;--;--;--;--;--;--;--;5.90;116.23;14.24;128.49;21.20;142.05;26.21;157.11;28.74;173.40;28.45;190.11;25.39;206.21;19.94;220.98;12.66;234.26;4.11;246.32;--;--;--;--;--;--;--;--;--;--;
2021-02-17;--;--;--;--;--;--;--;--;--;--;--;--;--;--;--;--;--;--;6.19;116.04;14.55;128.32;21.52;141.91;26.55;157.03;29.09;173.39;28.80;190.18;25.72;206.34;20.24;221.16;12.95;234.47;4.38;246.55;--;--;--;--;--;--;--;--;--;--;
2021-02-18;--;--;--;--;--;--;--;--;--;--;--;--;--;--;--;--;--;--;6.49;115.84;14.86;128.14;21.85;141.78;26.90;156.95;29.45;173.39;29.15;190.25;26.05;206.48;20.55;221.35;13.23;234.69;4.64;246.78;--;--;--;--;--;--;--;--;--;--;
2021-02-19;--;--;--;--;--;--;--;--;--;--;--;--;--;--;--;--;--;--;6.78;115.64;15.17;127.97;22.19;141.64;27.25;156.87;29.80;173.38;29.50;190.33;26.38;206.63;20.86;221.54;13.52;234.91;4.91;247.02;--;--;--;--;--;--;--;--;--;--;
2021-02-20;--;--;--;--;--;--;--;--;--;--;--;--;--;--;--;--;--;--;7.08;115.44;15.49;127.79;22.52;141.50;27.60;156.79;30.16;173.38;29.85;190.41;26.71;206.78;21.17;221.73;13.80;235.13;5.18;247.26;--;--;--;--;--;--;--;--;--;--;
2021-02-21;--;--;--;--;--;--;--;--;--;--;--;--;--;--;--;--;--;--;7.39;115.24;15.81;127.62;22.86;141.37;27.96;156.71;30.52;173.38;30.21;190.49;27.05;206.93;21.48;221.94;14.09;235.36;5.44;247.51;--;--;--;--;--;--;--;--;--;--;
2021-02-22;--;--;--;--;--;--;--;--;--;--;--;--;--;--;--;--;--;--;7.70;115.04;16.14;127.44;23.21;141.23;28.32;156.64;30.89;173.38;30.56;190.58;27.39;207.09;21.79;222.14;14.38;235.60;5.71;247.76;--;--;--;--;--;--;--;--;--;--;
2021-02-23;--;--;--;--;--;--;--;--;--;--;--;--;--;--;--;--;--;--;8.01;114.85;16.47;127.27;23.55;141.10;28.68;156.56;31.26;173.39;30.92;190.67;27.73;207.25;22.11;222.35;14.67;235.84;5.98;248.02;--;--;--;--;--;--;--;--;--;--;
2021-02-24;--;--;--;--;--;--;--;--;--;--;--;--;--;--;--;--;--;--;8.32;114.65;16.80;127.10;23.90;140.96;29.05;156.49;31.63;173.40;31.29;190.77;28.07;207.42;22.42;222.57;14.95;236.08;6.25;248.28;--;--;--;--;--;--;--;--;--;--;
2021-02-25;--;--;--;--;--;--;--;--;--;--;--;--;--;--;--;--;-0.71;102.92;8.64;114.45;17.13;126.92;24.26;140.83;29.41;156.42;32.00;173.41;31.65;190.87;28.41;207.59;22.73;222.79;15.24;236.33;6.52;248.54;--;--;--;--;--;--;--;--;--;--;
2021-02-26;--;--;--;--;--;--;--;--;--;--;--;--;--;--;--;--;-0.40;102.71;8.96;114.26;17.47;126.75;24.61;140.70;29.79;156.35;32.38;173.42;32.02;190.97;28.75;207.77;23.05;223.01;15.53;236.58;6.78;248.81;--;--;--;--;--;--;--;--;--;--;
2021-02-27;--;--;--;--;--;--;--;--;--;--;--;--;--;--;--;--;-0.08;102.49;9.29;114.06;17.81;126.58;24.97;140.57;30.16;156.28;32.76;173.44;32.38;191.08;29.10;207.95;23.37;223.24;15.82;236.83;7.05;249.08;--;--;--;--;--;--;--;--;--;--;
2021-02-28;--;--;--;--;--;--;--;--;--;--;--;--;--;--;--;--;0.23;102.28;9.62;113.86;18.15;126.41;25.33;140.44;30.54;156.21;33.14;173.46;32.75;191.19;29.44;208.13;23.68;223.47;16.11;237.09;7.32;249.35;--;--;--;--;--;--;--;--;--;--;
2021-03-01;--;--;--;--;--;--;--;--;--;--;--;--;--;--;--;--;0.55;102.07;9.95;113.67;18.50;126.24;25.70;140.31;30.92;156.15;33.52;173.48;33.12;191.30;29.79;208.32;24.00;223.71;16.40;237.35;7.59;249.63;--;--;--;--;--;--;--;--;--;--;
2021-03-02;--;--;--;--;--;--;--;--;--;--;--;--;--;--;--;--;0.88;101.86;10.28;113.47;18.85;126.07;26.07;140.18;31.30;156.09;33.91;173.51;33.50;191.42;30.14;208.51;24.31;223.95;16.68;237.62;7.86;249.91;--;--;--;--;--;--;--;--;--;--;
2021-03-03;--;--;--;--;--;--;--;--;--;--;--;--;--;--;--;--;1.20;101.65;10.61;113.28;19.20;125.89;26.43;140.05;31.68;156.02;34.29;173.54;33.87;191.54;30.48;208.71;24.63;224.19;16.97;237.89;8.12;250.19;--;--;--;--;--;--;--;--;--;--;
2021-03-04;--;--;--;--;--;--;--;--;--;--;--;--;--;--;--;--;1.53;101.44;10.95;113.08;19.55;125.72;26.81;139.92;32.06;155.96;34.68;173.57;34.24;191.67;30.83;208.91;24.95;224.44;17.26;238.16;8.39;250.47;--;--;--;--;--;--;--;--;--;--;
2021-03-05;--;--;--;--;--;--;--;--;--;--;--;--;--;--;--;--;1.86;101.24;11.29;112.89;19.91;125.55;27.18;139.79;32.45;155.90;35.07;173.60;34.62;191.80;31.18;209.12;25.26;224.70;17.55;238.44;8.66;250.76;--;--;--;--;--;--;--;--;--;--;
2021-03-06;--;--;--;--;--;--;--;--;--;--;--;--;--;--;--;--;2.19;101.03;11.63;112.69;20.27;125.38;27.55;139.66;32.84;155.84;35.46;173.63;34.99;191.93;31.53;209.33;25.58;224.95;17.84;238.72;8.92;251.05;-0.66;262.55;--;--;--;--;--;--;--;--;
2021-03-07;--;--;--;--;--;--;--;--;--;--;--;--;--;--;--;--;2.52;100.82;11.98;112.50;20.63;125.21;27.93;139.53;33.23;155.79;35.85;173.67;35.37;192.07;31.88;209.55;25.90;225.21;18.12;239.00;9.19;251.35;-0.40;262.85;--;--;--;--;--;--;--;--;
2021-03-08;--;--;--;--;--;--;--;--;--;--;--;--;--;--;--;--;2.86;100.61;12.32;112.30;20.99;125.04;28.31;139.40;33.62;155.73;36.25;173.71;35.75;192.21;32.22;209.76;26.21;225.48;18.41;239.29;9.46;251.64;-0.15;263.16;--;--;--;--;--;--;--;--;
2021-03-09;--;--;--;--;--;--;--;--;--;--;--;--;--;--;--;--;3.20;100.41;12.67;112.11;21.35;124.87;28.69;139.28;34.02;155.67;36.64;173.76;36.13;192.36;32.57;209.99;26.53;225.74;18.70;239.58;9.72;251.94;0.11;263.46;--;--;--;--;--;--;--;--;
2021-03-10;--;--;--;--;--;--;--;--;--;--;--;--;--;--;--;--;3.54;100.20;13.02;111.92;21.71;124.70;29.07;139.15;34.41;155.62;37.04;173.80;36.51;192.50;32.92;210.21;26.84;226.01;18.98;239.87;9.99;252.24;0.36;263.77;--;--;--;--;--;--;--;--;
2021-03-11;--;--;--;--;--;--;--;--;--;--;--;--;--;--;--;--;3.88;99.99;13.37;111.72;22.08;124.53;29.45;139.02;34.81;155.57;37.43;173.85;36.89;192.65;33.27;210.44;27.16;226.29;19.27;240.16;10.25;252.54;0.62;264.07;--;--;--;--;--;--;--;--;
2021-03-12;--;--;--;--;--;--;--;--;--;--;--;--;--;--;--;--;4.22;99.79;13.72;111.53;22.44;124.36;29.84;138.90;35.20;155.51;37.83;173.90;37.27;192.81;33.62;210.68;27.47;226.57;19.55;240.46;10.52;252.85;0.87;264.38;--;--;--;--;--;--;--;--;
2021-03-13;--;--;--;--;--;--;--;--;--;--;--;--;--;--;--;--;4.56;99.58;14.07;111.33;22.81;124.19;30.22;138.77;35.60;155.46;38.23;173.95;37.65;192.97;33.97;210.91;27.78;226.85;19.84;240.76;10.78;253.15;1.12;264.69;--;--;--;--;--;--;--;--;
2021-03-14;--;--;--;--;--;--;--;--;--;--;--;--;--;--;--;--;4.91;99.38;14.43;111.14;23.18;124.01;30.60;138.64;36.00;155.41;38.62;174.00;38.03;193.13;34.31;211.15;28.10;227.13;20.12;241.06;11.04;253.46;1.38;265.00;--;--;--;--;--;--;--;--;
2021-03-15;--;--;--;--;--;--;--;--;--;--;--;--;--;--;--;--;5.25;99.18;14.78;110.95;23.55;123.84;30.99;138.52;36.40;155.36;39.02;174.05;38.41;193.29;34.66;211.40;28.41;227.42;20.40;241.36;11.30;253.77;1.63;265.31;--;--;--;--;--;--;--;--;
2021-03-16;--;--;--;--;--;--;--;--;--;--;--;--;--;--;--;--;5.60;98.97;15.14;110.75;23.92;123.67;31.38;138.39;36.80;155.31;39.42;174.11;38.79;193.46;35.01;211.64;28.72;227.71;20.68;241.67;11.57;254.08;1.88;265.63;--;--;--;--;--;--;--;--;
2021-03-17;--;--;--;--;--;--;--;--;--;--;--;--;--;--;--;--;5.95;98.77;15.49;110.56;24.29;123.50;31.76;138.26;37.20;155.26;39.82;174.17;39.17;193.63;35.35;211.89;29.03;228.00;20.96;241.98;11.83;254.40;2.13;265.94;--;--;--;--;--;--;--;--;
2021-03-18;--;--;--;--;--;--;--;--;--;--;--;--;--;--;--;--;6.29;98.56;15.85;110.36;24.66;123.33;32.15;138.13;37.60;155.21;40.22;174.23;39.54;193.80;35.70;212.15;29.34;228.29;21.24;242.29;12.09;254.71;2.38;266.26;--;--;--;--;--;--;--;--;
2021-03-19;--;--;--;--;--;--;--;--;--;--;--;--;--;--;--;--;6.64;98.36;16.21;110.17;25.03;123.16;32.54;138.00;38.00;155.16;40.62;174.29;39.92;193.97;36.04;212.40;29.65;228.59;21.52;242.60;12.35;255.02;2.63;266.57;--;--;--;--;--;--;--;--;
2021-03-20;--;--;--;--;--;--;--;--;--;--;--;--;--;--;--;--;6.99;98.16;16.56;109.98;25.40;122.98;32.93;137.88;38.40;155.11;41.02;174.35;40.30;194.15;36.39;212.66;29.95;228.89;21.80;242.91;12.60;255.34;2.88;266.89;--;--;--;--;--;--;--;--;
2021-03-21;--;--;--;--;--;--;--;--;--;--;--;--;--;--;--;--;7.34;97.96;16.92;109.78;25.77;122.81;33.31;137.75;38.80;155.06;41.42;174.42;40.68;194.33;36.73;212.92;30.26;229.19;22.08;243.23;12.86;255.66;3.13;267.20;--;--;--;--;--;--;--;--;
2021-03-22;--;--;--;--;--;--;--;--;--;--;--;--;--;--;--;--;7.69;97.75;17.27;109.59;26.14;122.64;33.70;137.62;39.20;155.01;41.82;174.48;41.06;194.51;37.07;213.19;30.56;229.49;22.35;243.54;13.12;255.97;3.38;267.52;--;--;--;--;--;--;--;--;
2021-03-23;--;--;--;--;--;--;--;--;--;--;--;--;--;--;--;--;8.03;97.55;17.63;109.39;26.51;122.46;34.09;137.49;39.60;154.96;42.22;174.55;41.43;194.70;37.41;213.45;30.87;229.80;22.63;243.86;13.37;256.29;3.63;267.84;--;--;--;--;--;--;--;--;
2021-03-24;--;--;--;--;--;--;--;--;--;--;--;--;--;--;--;--;8.38;97.35;17.99;109.20;26.88;122.29;34.47;137.36;40.00;154.91;42.61;174.62;41.81;194.89;37.75;213.72;31.17;230.11;22.90;244.18;13.63;256.61;3.87;268.15;--;--;--;--;--;--;--;--;
2021-03-25;--;--;--;--;--;--;--;--;--;--;--;--;--;--;--;--;8.73;97.15;18.34;109.00;27.25;122.11;34.86;137.23;40.39;154.87;43.01;174.69;42.18;195.08;38.09;213.99;31.47;230.41;23.17;244.50;13.88;256.93;4.12;268.47;--;--;--;--;--;--;--;--;
2021-03-26;--;--;--;--;--;--;--;--;--;--;--;--;--;--;-0.79;85.61;9.08;96.94;18.69;108.81;27.62;121.93;35.24;137.09;40.79;154.82;43.41;174.76;42.56;195.27;38.43;214.27;31.77;230.72;23.44;244.82;14.13;257.25;4.36;268.78;--;--;--;--;--;--;--;--;
2021-03-27;--;--;--;--;--;--;--;--;--;--;--;--;--;--;-0.44;85.41;9.42;96.74;19.05;108.61;27.98;121.76;35.63;136.96;41.19;154.77;43.80;174.83;42.93;195.46;38.76;214.54;32.07;231.04;23.71;245.14;14.38;257.57;4.61;269.10;--;--;--;--;--;--;--;--;
2021-03-28;--;--;--;--;--;--;--;--;--;--;--;--;--;--;9.77;96.54;19.40;108.41;28.35;121.58;36.01;136.83;41.59;154.72;44.20;174.91;43.30;195.66;39.10;214.82;32.36;231.35;23.98;245.46;14.63;257.89;4.85;269.41;-4.95;280.75;--;--;--;--;--;--;--;--;
2021-03-29;--;--;--;--;--;--;--;--;--;--;--;--;--;--;10.11;96.34;19.75;108.22;28.71;121.40;36.39;136.69;41.98;154.67;44.59;174.98;43.67;195.86;39.43;215.10;32.66;231.66;24.24;245.78;14.88;258.21;5.10;269.73;-4.70;281.06;--;--;--;--;--;--;--;--;
2021-03-30;--;--;--;--;--;--;--;--;--;--;--;--;--;--;10.45;96.14;20.10;108.02;29.08;121.22;36.77;136.56;42.37;154.61;44.98;175.05;44.04;196.06;39.76;215.38;32.95;231.98;24.51;246.10;15.13;258.52;5.34;270.04;-4.45;281.37;--;--;--;--;--;--;--;--;
2021-03-31;--;--;--;--;--;--;--;--;--;--;--;--;--;--;10.79;95.94;20.45;107.82;29.44;121.04;37.15;136.42;42.77;154.56;45.37;175.13;44.41;196.26;40.09;215.67;33.24;232.30;24.77;246.43;15.38;258.84;5.58;270.35;-4.21;281.68;--;--;--;--;--;--;--;--;
2021-04-01;--;--;--;--;--;--;--;--;--;--;--;--;--;--;11.13;95.74;20.80;107.63;29.80;120.86;37.53;136.28;43.16;154.51;45.76;175.20;44.77;196.46;40.42;215.95;33.53;232.61;25.03;246.75;15.62;259.16;5.82;270.67;-3.96;281.99;--;--;--;--;--;--;--;--;
2021-04-02;--;--;--;--;--;--;--;--;--;--;--;--;--;--;11.47;95.53;21.14;107.43;30.16;120.68;37.90;136.14;43.55;154.46;46.15;175.28;45.14;196.67;40.74;216.24;33.82;232.93;25.30;247.07;15.87;259.48;6.06;270.98;-3.71;282.29;--;--;--;--;--;--;--;--;
2021-04-03;--;--;--;--;--;--;--;--;--;--;--;--;--;--;11.81;95.33;21.49;107.23;30.51;120.50;38.28;136.00;43.94;154.40;46.54;175.35;45.50;196.87;41.07;216.52;34.11;233.25;25.55;247.39;16.11;259.79;6.30;271.29;-3.47;282.59;--;--;--;--;--;--;--;--;
2021-04-04;--;--;--;--;--;--;--;--;--;--;--;--;--;--;12.14;95.13;21.83;107.03;30.87;120.31;38.65;135.86;44.32;154.35;46.92;175.43;45.86;197.08;41.39;216.81;34.39;233.57;25.81;247.72;16.36;260.11;6.54;271.59;-3.22;282.90;--;--;--;--;--;--;--;--;
2021-04-05;--;--;--;--;--;--;--;--;--;--;--;--;--;--;12.48;94.93;22.17;106.83;31.22;120.13;39.02;135.71;44.71;154.29;47.31;175.50;46.22;197.29;41.71;217.10;34.68;233.89;26.07;248.04;16.60;260.42;6.78;271.90;-2.98;283.19;--;--;--;--;--;--;--;--;
2021-04-06;--;--;--;--;--;--;--;--;--;--;--;--;--;--;12.81;94.73;22.50;106.63;31.57;119.94;39.39;135.57;45.09;154.23;47.69;175.58;46.57;197.50;42.03;217.39;34.96;234.21;26.32;248.36;16.84;260.74;7.01;272.20;-2.74;283.49;--;--;--;--;--;--;--;--;
2021-04-07;--;--;--;--;--;--;--;--;--;--;--;--;--;--;13.14;94.53;22.84;106.43;31.92;119.75;39.75;135.42;45.47;154.17;48.07;175.65;46.93;197.70;42.34;217.68;35.24;234.53;26.58;248.68;17.08;261.05;7.25;272.51;-2.49;283.79;--;--;--;--;--;--;--;--;
2021-04-08;--;--;--;--;--;--;--;--;--;--;--;--;--;--;13.46;94.33;23.17;106.23;32.27;119.56;40.12;135.28;45.85;154.11;48.44;175.73;47.28;197.91;42.65;217.97;35.52;234.85;26.83;249.00;17.31;261.36;7.48;272.81;-2.25;284.08;--;--;--;--;--;--;--;--;
2021-04-09;--;--;--;--;--;--;--;--;--;--;--;--;--;--;13.79;94.13;23.50;106.03;32.61;119.38;40.48;135.13;46.22;154.05;48.82;175.80;47.63;198.13;42.97;218.27;35.79;235.16;27.08;249.31;17.55;261.67;7.72;273.11;-2.01;284.37;--;--;--;--;--;--;--;--;
2021-04-10;--;--;--;--;--;--;--;--;--;--;--;--;--;--;14.11;93.93;23.83;105.82;32.95;119.19;40.84;134.97;46.60;153.99;49.19;175.88;47.98;198.34;43.28;218.56;36.06;235.48;27.33;249.63;17.78;261.98;7.95;273.41;-1.77;284.66;--;--;--;--;--;--;--;--;
2021-04-11;--;--;--;--;--;--;--;--;--;--;--;--;--;--;14.43;93.72;24.15;105.62;33.29;118.99;41.19;134.82;46.97;153.92;49.56;175.95;48.32;198.55;43.58;218.85;36.34;235.80;27.57;249.95;18.02;262.28;8.18;273.70;-1.53;284.95;--;--;--;--;--;--;--;--;
2021-04-12;--;--;--;--;--;--;--;--;--;--;--;--;--;--;14.75;93.52;24.48;105.42;33.62;118.80;41.54;134.67;47.34;153.85;49.93;176.02;48.67;198.76;43.89;219.14;36.60;236.12;27.82;250.26;18.25;262.58;8.41;273.99;-1.29;285.23;--;--;--;--;--;--;--;--;
2021-04-13;--;--;--;--;--;--;--;--;--;--;--;--;--;--;15.06;93.32;24.79;105.22;33.95;118.61;41.89;134.51;47.70;153.78;50.29;176.10;49.01;198.97;44.19;219.43;36.87;236.43;28.06;250.57;18.48;262.89;8.64;274.28;-1.05;285.51;--;--;--;--;--;--;--;--;
2021-04-14;--;--;--;--;--;--;--;--;--;--;--;--;--;--;15.37;93.12;25.11;105.01;34.28;118.41;42.24;134.35;48.06;153.71;50.66;176.17;49.34;199.18;44.49;219.72;37.14;236.74;28.30;250.88;18.71;263.19;8.87;274.57;-0.82;285.79;-9.97;297.47;--;--;--;--;--;--;
2021-04-15;--;--;--;--;--;--;--;--;--;--;--;--;--;--;15.68;92.92;25.42;104.81;34.61;118.22;42.58;134.19;48.42;153.64;51.02;176.24;49.68;199.39;44.79;220.01;37.40;237.06;28.54;251.19;18.94;263.48;9.10;274.86;-0.58;286.06;-9.72;297.73;--;--;--;--;--;--;
2021-04-16;--;--;--;--;--;--;--;--;--;--;--;--;--;--;15.98;92.72;25.73;104.60;34.93;118.02;42.92;134.03;48.78;153.56;51.37;176.30;50.01;199.60;45.08;220.30;37.66;237.37;28.78;251.50;19.16;263.78;9.32;275.14;-0.35;286.33;-9.46;297.99;--;--;--;--;--;--;
2021-04-17;--;--;--;--;--;--;--;--;--;--;--;--;--;--;16.28;92.52;26.04;104.40;35.24;117.82;43.26;133.86;49.13;153.49;51.73;176.37;50.34;199.81;45.37;220.59;37.92;237.68;29.01;251.80;19.39;264.07;9.55;275.42;-0.11;286.60;-9.21;298.24;--;--;--;--;--;--;
2021-04-18;--;--;--;--;--;--;--;--;--;--;--;--;--;--;16.58;92.32;26.34;104.19;35.56;117.62;43.59;133.70;49.48;153.41;52.08;176.44;50.67;200.02;45.66;220.88;38.17;237.99;29.25;252.11;19.61;264.36;9.77;275.70;0.12;286.87;-8.97;298.50;--;--;--;--;--;--;
2021-04-19;--;--;--;--;--;--;--;--;--;--;--;--;--;--;16.87;92.11;26.64;103.98;35.87;117.42;43.92;133.53;49.83;153.33;52.43;176.50;50.99;200.23;45.95;221.17;38.43;238.29;29.48;252.41;19.83;264.65;9.99;275.97;0.35;287.13;-8.72;298.75;--;--;--;--;--;--;
2021-04-20;--;--;--;--;--;--;--;--;--;--;--;--;--;--;17.16;91.91;26.93;103.78;36.18;117.22;44.24;133.36;50.17;153.24;52.77;176.56;51.32;200.44;46.24;221.45;38.68;238.60;29.71;252.70;20.05;264.93;10.21;276.24;0.58;287.39;-8.47;298.99;--;--;--;--;--;--;
2021-04-21;--;--;--;--;--;--;--;--;--;--;--;--;--;--;17.45;91.71;27.22;103.57;36.48;117.02;44.56;133.19;50.51;153.15;53.11;176.62;51.63;200.64;46.52;221.74;38.93;238.90;29.94;253.00;20.27;265.21;10.43;276.51;0.81;287.64;-8.23;299.23;--;--;--;--;--;--;
2021-04-22;--;--;--;--;--;--;--;--;--;--;--;--;--;--;17.73;91.51;27.51;103.36;36.78;116.81;44.88;133.01;50.84;153.06;53.45;176.68;51.95;200.85;46.80;222.02;39.18;239.20;30.16;253.29;20.49;265.49;10.65;276.77;1.03;287.89;-7.98;299.47;--;--;--;--;--;--;
2021-04-23;--;--;--;--;--;--;--;--;--;--;--;--;--;--;18.01;91.31;27.79;103.16;37.07;116.61;45.19;132.84;51.18;152.97;53.78;176.73;52.26;201.05;47.07;222.30;39.42;239.50;30.39;253.58;20.70;265.76;10.87;277.03;1.26;288.14;-7.74;299.70;--;--;--;--;--;--;
2021-04-24;--;--;--;--;--;--;--;--;--;--;--;--;--;--;18.28;91.11;28.07;102.95;37.36;116.40;45.50;132.66;51.50;152.88;54.12;176.79;52.57;201.25;47.35;222.58;39.66;239.79;30.61;253.86;20.92;266.03;11.08;277.29;1.48;288.38;-7.50;299.93;--;--;--;--;--;--;
2021-04-25;--;--;--;--;--;--;--;--;--;--;--;--;8.72;79.79;18.55;90.91;28.34;102.74;37.64;116.19;45.81;132.48;51.83;152.78;54.44;176.84;52.88;201.45;47.62;222.85;39.90;240.08;30.83;254.15;21.13;266.30;11.29;277.54;1.71;288.62;-7.26;300.16;--;--;--;--;--;--;
2021-04-26;--;--;--;--;--;--;--;--;--;--;--;--;8.99;79.60;18.81;90.71;28.61;102.53;37.93;115.99;46.10;132.30;52.14;152.68;54.77;176.89;53.18;201.65;47.88;223.13;40.14;240.37;31.05;254.43;21.34;266.57;11.51;277.79;1.93;288.86;-7.02;300.38;--;--;--;--;--;--;
2021-04-27;--;--;--;--;--;--;--;--;--;--;--;--;9.25;79.42;19.07;90.51;28.88;102.32;38.20;115.78;46.40;132.11;52.46;152.57;55.09;176.93;53.48;201.84;48.15;223.40;40.37;240.66;31.27;254.70;21.55;266.83;11.72;278.04;2.15;289.09;-6.79;300.59;--;--;--;--;--;--;
2021-04-28;--;--;--;--;--;--;--;--;--;--;--;--;9.51;79.23;19.33;90.32;29.14;102.12;38.47;115.57;46.69;131.93;52.77;152.47;55.40;176.97;53.77;202.04;48.41;223.66;40.61;240.94;31.48;254.97;21.76;267.08;11.93;278.28;2.37;289.32;-6.55;300.81;--;--;--;--;--;--;
2021-04-29;--;--;--;--;--;--;--;--;--;--;--;--;9.77;79.04;19.58;90.12;29.39;101.91;38.74;115.36;46.98;131.74;53.08;152.36;55.71;177.01;54.06;202.23;48.67;223.93;40.84;241.22;31.69;255.24;21.96;267.34;12.13;278.52;2.58;289.54;-6.32;301.02;--;--;--;--;--;--;
2021-04-30;--;--;--;--;--;--;--;--;--;--;--;--;10.02;78.86;19.83;89.92;29.64;101.70;39.00;115.15;47.26;131.55;53.38;152.25;56.02;177.05;54.35;202.41;48.92;224.19;41.06;241.49;31.90;255.51;22.17;267.59;12.34;278.75;2.80;289.76;-6.09;301.22;--;--;--;--;--;--;
2021-05-01;--;--;--;--;--;--;--;--;--;--;--;--;10.26;78.68;20.07;89.72;29.89;101.49;39.26;114.94;47.53;131.36;53.67;152.13;56.32;177.08;54.64;202.60;49.17;224.45;41.29;241.77;32.11;255.77;22.37;267.83;12.54;278.98;3.01;289.98;-5.86;301.42;--;--;--;--;--;--;
2021-05-02;--;--;--;--;--;--;--;--;--;--;--;--;10.50;78.49;20.31;89.53;30.13;101.28;39.51;114.72;47.80;131.17;53.96;152.01;56.62;177.11;54.92;202.78;49.42;224.70;41.51;242.03;32.32;256.02;22.57;268.07;12.74;279.21;3.22;290.19;-5.63;301.61;--;--;--;--;--;--;
2021-05-03;--;--;--;--;--;--;--;--;--;--;--;--;10.74;78.31;20.54;89.33;30.36;101.08;39.76;114.51;48.07;130.97;54.25;151.89;56.92;177.14;55.19;202.96;49.67;224.96;41.73;242.30;32.52;256.28;22.76;268.31;12.94;279.43;3.43;290.40;-5.41;301.81;--;--;--;--;--;--;
2021-05-04;--;--;--;--;--;--;--;--;--;--;--;--;10.97;78.13;20.77;89.14;30.59;100.87;40.00;114.30;48.33;130.78;54.53;151.77;57.21;177.17;55.47;203.13;49.91;225.20;41.95;242.56;32.72;256.53;22.96;268.54;13.14;279.64;3.64;290.60;-5.19;301.99;--;--;--;--;--;--;
2021-05-05;--;--;--;--;--;--;--;--;--;--;--;--;11.20;77.95;20.99;88.94;30.82;100.66;40.23;114.09;48.58;130.58;54.81;151.64;57.50;177.18;55.74;203.30;50.15;225.45;42.16;242.81;32.92;256.77;23.15;268.77;13.34;279.86;3.84;290.80;-4.97;302.17;--;--;--;--;--;--;
2021-05-06;--;--;--;--;--;--;--;--;--;--;--;--;11.42;77.77;21.21;88.75;31.04;100.46;40.46;113.87;48.83;130.38;55.08;151.51;57.78;177.20;56.00;203.47;50.39;225.69;42.37;243.06;33.11;257.01;23.34;268.99;13.53;280.06;4.05;290.99;-4.75;302.35;--;--;--;--;--;--;
2021-05-07;--;--;--;--;--;--;--;--;--;--;--;--;11.64;77.60;21.42;88.56;31.25;100.25;40.69;113.66;49.08;130.18;55.35;151.38;58.05;177.21;56.26;203.63;50.62;225.92;42.58;243.31;33.31;257.24;23.53;269.21;13.72;280.27;4.25;291.18;-4.54;302.52;--;--;--;--;--;--;
2021-05-08;--;--;--;--;--;--;--;--;--;--;--;--;11.85;77.42;21.63;88.37;31.46;100.05;40.91;113.45;49.31;129.98;55.61;151.24;58.32;177.22;56.52;203.79;50.85;226.15;42.78;243.55;33.50;257.47;23.72;269.42;13.91;280.47;4.45;291.36;-4.32;302.69;--;--;--;--;--;--;
2021-05-09;--;--;--;--;--;--;--;--;--;--;--;--;12.05;77.24;21.83;88.18;31.67;99.85;41.12;113.24;49.55;129.78;55.86;151.10;58.59;177.23;56.77;203.95;51.07;226.38;42.99;243.78;33.69;257.70;23.91;269.63;14.10;280.66;4.64;291.54;-4.11;302.85;--;--;--;--;--;--;
2021-05-10;--;--;--;--;--;--;--;--;--;--;--;--;12.25;77.07;22.03;87.99;31.87;99.64;41.33;113.02;49.77;129.57;56.11;150.96;58.85;177.23;57.02;204.10;51.29;226.60;43.19;244.01;33.88;257.91;24.09;269.83;14.29;280.85;4.84;291.71;-3.91;303.01;--;--;--;--;--;--;
2021-05-11;--;--;--;--;--;--;--;--;--;--;--;--;12.45;76.90;22.22;87.81;32.06;99.44;41.54;112.81;49.99;129.37;56.36;150.82;59.11;177.22;57.26;204.24;51.51;226.81;43.38;244.24;34.06;258.13;24.27;270.03;14.47;281.03;5.03;291.88;-3.70;303.16;--;--;--;--;--;--;
2021-05-12;--;--;--;--;--;--;--;--;--;--;--;--;12.64;76.73;22.41;87.62;32.25;99.24;41.73;112.60;50.21;129.16;56.60;150.67;59.36;177.21;57.50;204.38;51.73;227.02;43.58;244.46;34.24;258.34;24.45;270.23;14.65;281.21;5.22;292.05;-3.50;303.31;--;--;--;--;--;--;
2021-05-13;--;--;--;--;--;--;--;--;--;--;--;--;12.82;76.56;22.59;87.44;32.43;99.05;41.92;112.39;50.42;128.96;56.83;150.52;59.61;177.20;57.74;204.52;51.94;227.23;43.77;244.68;34.42;258.54;24.62;270.41;14.83;281.38;5.41;292.21;-3.30;303.45;--;--;--;--;--;--;
2021-05-14;--;--;--;--;--;--;--;--;--;--;--;--;13.00;76.39;22.76;87.25;32.61;98.85;42.11;112.18;50.62;128.75;57.06;150.37;59.85;177.18;57.97;204.65;52.15;227.43;43.96;244.88;34.60;258.74;24.80;270.60;15.01;281.55;5.59;292.36;-3.11;303.59;--;--;--;--;--;--;
2021-05-15;--;--;--;--;--;--;--;--;--;--;--;--;13.18;76.22;22.93;87.07;32.78;98.65;42.29;111.97;50.82;128.55;57.28;150.22;60.09;177.16;58.20;204.77;52.35;227.62;44.14;245.09;34.77;258.93;24.97;270.77;15.18;281.72;5.77;292.51;-2.91;303.73;--;--;--;--;--;--;
2021-05-16;--;--;--;--;--;--;--;--;--;--;--;--;13.35;76.06;23.10;86.90;32.94;98.46;42.46;111.77;51.01;128.34;57.49;150.06;60.32;177.14;58.42;204.89;52.55;227.81;44.32;245.29;34.94;259.12;25.14;270.95;15.35;281.87;5.95;292.65;-2.72;303.85;--;--;--;--;--;--;
2021-05-17;--;--;--;--;--;--;--;--;--;--;--;--;13.51;75.90;23.25;86.72;33.10;98.27;42.63;111.56;51.20;128.14;57.70;149.90;60.54;177.11;58.64;205.01;52.75;227.99;44.50;245.48;35.11;259.30;25.30;271.11;15.52;282.03;6.13;292.79;-2.54;303.98;--;--;--;--;--;--;
2021-05-18;--;--;--;--;--;--;--;--;--;--;--;--;13.67;75.74;23.41;86.55;33.26;98.08;42.79;111.36;51.38;127.93;57.90;149.74;60.76;177.07;58.85;205.11;52.94;228.17;44.67;245.66;35.28;259.48;25.47;271.28;15.69;282.17;6.30;292.93;-2.35;304.10;--;--;--;--;--;--;
2021-05-19;--;--;--;--;--;--;--;--;--;--;--;--;13.82;75.58;23.55;86.37;33.40;97.89;42.95;111.16;51.55;127.73;58.10;149.58;60.97;177.04;59.06;205.22;53.13;228.34;44.85;245.84;35.44;259.65;25.63;271.43;15.85;282.32;6.47;293.06;-2.17;304.21;--;--;--;--;--;--;
2021-05-20;--;--;--;--;--;--;--;--;--;--;--;--;13.96;75.42;23.70;86.20;33.55;97.70;43.10;110.95;51.72;127.52;58.29;149.41;61.18;176.99;59.26;205.31;53.31;228.50;45.02;246.02;35.60;259.81;25.78;271.58;16.01;282.45;6.64;293.18;-2.00;304.32;--;--;--;--;--;--;
2021-05-21;--;--;--;--;--;--;--;--;--;--;--;--;14.10;75.27;23.83;86.04;33.68;97.52;43.24;110.76;51.88;127.32;58.48;149.25;61.39;176.94;59.46;205.40;53.49;228.66;45.18;246.18;35.76;259.97;25.94;271.73;16.17;282.58;6.80;293.30;-1.82;304.42;--;--;--;--;--;--;
2021-05-22;--;--;--;--;--;--;--;--;--;--;--;--;14.24;75.12;23.96;85.87;33.81;97.34;43.38;110.56;52.03;127.12;58.65;149.08;61.58;176.89;59.65;205.49;53.67;228.81;45.34;246.34;35.91;260.12;26.09;271.87;16.33;282.71;6.96;293.41;-1.65;304.52;--;--;--;--;--;--;
2021-05-23;--;--;--;--;--;--;--;--;--;--;--;--;14.37;74.97;24.08;85.71;33.94;97.16;43.51;110.37;52.18;126.91;58.83;148.91;61.77;176.84;59.84;205.57;53.84;228.95;45.50;246.50;36.06;260.26;26.24;272.00;16.48;282.83;7.12;293.52;-1.49;304.61;--;--;--;--;--;--;
2021-05-24;--;--;--;--;--;--;--;--;--;--;--;--;14.49;74.82;24.20;85.55;34.06;96.99;43.64;110.17;52.32;126.71;58.99;148.74;61.96;176.77;60.02;205.64;54.01;229.08;45.66;246.64;36.21;260.40;26.39;272.13;16.63;282.95;7.28;293.62;-1.32;304.70;--;--;--;--;--;--;
2021-05-25;--;--;--;--;--;--;--;--;--;--;--;--;14.61;74.68;24.32;85.39;34.17;96.82;43.76;109.99;52.46;126.52;59.15;148.57;62.13;176.71;60.20;205.70;54.17;229.21;45.81;246.78;36.36;260.54;26.53;272.25;16.77;283.06;7.43;293.72;-1.17;304.78;--;--;--;--;--;--;
2021-05-26;--;--;--;--;--;--;--;--;--;--;--;--;14.72;74.53;24.42;85.24;34.28;96.65;43.87;109.80;52.59;126.32;59.30;148.40;62.31;176.64;60.37;205.76;54.33;229.33;45.96;246.92;36.50;260.66;26.67;272.36;16.92;283.16;7.58;293.81;-1.01;304.86;--;--;--;--;--;--;
2021-05-27;--;--;--;--;--;--;--;--;--;--;--;--;14.83;74.39;24.52;85.09;34.38;96.48;43.98;109.62;52.71;126.13;59.45;148.23;62.47;176.57;60.54;205.81;54.49;229.45;46.10;247.04;36.64;260.78;26.81;272.47;17.05;283.26;7.72;293.90;-0.86;304.93;--;--;--;--;--;--;
2021-05-28;--;--;--;--;--;--;--;--;--;--;--;--;14.93;74.26;24.62;84.94;34.47;96.32;44.08;109.44;52.82;125.93;59.59;148.06;62.63;176.49;60.70;205.86;54.64;229.56;46.24;247.16;36.77;260.90;26.94;272.58;17.19;283.35;7.86;293.98;-0.71;305.00;-8.16;316.83;--;--;--;--;
2021-05-29;--;--;--;--;--;--;--;--;--;--;--;--;15.02;74.13;24.71;84.79;34.56;96.16;44.18;109.26;52.93;125.75;59.72;147.89;62.79;176.41;60.86;205.90;54.79;229.65;46.38;247.27;36.90;261.00;27.07;272.67;17.32;283.44;8.00;294.05;-0.57;305.07;-8.01;316.88;--;--;--;--;
2021-05-30;--;--;--;--;--;--;--;--;--;--;--;--;15.11;74.00;24.79;84.65;34.65;96.00;44.27;109.09;53.04;125.56;59.84;147.72;62.93;176.32;61.01;205.93;54.93;229.75;46.51;247.38;37.03;261.10;27.20;272.76;17.45;283.52;8.13;294.12;-0.43;305.12;-7.87;316.92;--;--;--;--;
2021-05-31;--;--;--;--;--;--;--;--;--;--;--;--;15.19;73.87;24.87;84.51;34.72;95.85;44.35;108.92;53.13;125.38;59.96;147.55;63.07;176.24;61.15;205.95;55.06;229.83;46.64;247.47;37.16;261.20;27.32;272.85;17.58;283.59;8.26;294.19;-0.30;305.18;-7.73;316.96;--;--;--;--;
2021-06-01;--;--;--;--;--;--;--;--;--;--;--;--;15.27;73.75;24.94;84.38;34.80;95.70;44.43;108.75;53.23;125.20;60.08;147.38;63.21;176.14;61.29;205.97;55.20;229.91;46.76;247.56;37.28;261.28;27.44;272.93;17.70;283.66;8.38;294.25;-0.17;305.23;-7.59;316.99;--;--;--;--;
2021-06-02;--;--;--;--;--;--;--;--;--;--;--;--;15.34;73.63;25.01;84.25;34.86;95.56;44.50;108.59;53.31;125.02;60.18;147.21;63.34;176.05;61.43;205.98;55.33;229.98;46.89;247.65;37.39;261.36;27.56;273.00;17.82;283.73;8.51;294.30;-0.04;305.27;-7.46;317.02;--;--;--;--;
2021-06-03;--;--;--;--;--;--;--;--;--;--;--;--;15.40;73.51;25.07;84.12;34.92;95.42;44.57;108.44;53.39;124.85;60.28;147.04;63.46;175.95;61.56;205.98;55.45;230.04;47.00;247.72;37.51;261.44;27.67;273.07;17.93;283.79;8.62;294.35;0.08;305.31;-7.34;317.05;--;--;--;--;
2021-06-04;--;--;--;--;--;--;--;--;--;--;--;--;15.46;73.40;25.13;84.00;34.98;95.29;44.63;108.29;53.46;124.68;60.37;146.88;63.57;175.85;61.68;205.98;55.57;230.09;47.12;247.79;37.62;261.50;27.78;273.13;18.04;283.84;8.74;294.40;0.19;305.34;-7.22;317.07;--;--;--;--;
2021-06-05;--;--;--;--;--;--;--;--;--;--;--;--;15.52;73.29;25.18;83.88;35.03;95.15;44.68;108.14;53.53;124.52;60.46;146.72;63.68;175.74;61.80;205.97;55.68;230.14;47.22;247.85;37.72;261.56;27.89;273.18;18.15;283.89;8.85;294.44;0.31;305.37;-7.11;317.08;--;--;--;--;
2021-06-06;--;--;--;--;--;--;--;--;--;--;--;--;15.57;73.18;25.22;83.77;35.07;95.03;44.73;108.00;53.59;124.36;60.54;146.56;63.78;175.64;61.91;205.96;55.79;230.17;47.33;247.90;37.83;261.62;27.99;273.23;18.25;283.93;8.95;294.47;0.41;305.40;-7.00;317.10;--;--;--;--;
2021-06-07;--;--;--;--;--;--;--;--;--;--;--;--;15.61;73.08;25.26;83.66;35.11;94.91;44.77;107.86;53.64;124.20;60.61;146.40;63.87;175.53;62.01;205.93;55.90;230.20;47.43;247.95;37.92;261.66;28.09;273.28;18.35;283.97;9.05;294.50;0.51;305.42;-6.90;317.10;--;--;--;--;
2021-06-08;--;--;--;--;--;--;--;--;--;--;--;--;15.65;72.98;25.29;83.55;35.14;94.79;44.81;107.73;53.69;124.05;60.68;146.24;63.96;175.41;62.11;205.90;55.99;230.22;47.53;247.99;38.02;261.70;28.18;273.31;18.44;284.00;9.15;294.53;0.61;305.43;-6.80;317.11;--;--;--;--;
2021-06-09;--;--;--;--;--;--;--;--;--;--;--;--;15.68;72.88;25.32;83.45;35.17;94.68;44.84;107.60;53.73;123.91;60.73;146.09;64.04;175.30;62.21;205.87;56.09;230.24;47.62;248.02;38.11;261.74;28.27;273.34;18.53;284.02;9.24;294.54;0.70;305.44;-6.70;317.11;--;--;--;--;
2021-06-10;--;--;--;--;--;--;--;--;--;--;--;--;15.70;72.79;25.34;83.35;35.19;94.57;44.87;107.48;53.76;123.77;60.79;145.94;64.11;175.19;62.29;205.82;56.18;230.24;47.70;248.04;38.19;261.76;28.35;273.37;18.62;284.04;9.32;294.56;0.79;305.45;-6.62;317.10;--;--;--;--;
2021-06-11;--;--;--;--;--;--;--;--;--;--;--;--;15.72;72.71;25.36;83.26;35.21;94.47;44.89;107.36;53.79;123.63;60.83;145.80;64.18;175.07;62.37;205.78;56.26;230.24;47.79;248.06;38.28;261.78;28.44;273.38;18.70;284.06;9.41;294.57;0.87;305.45;-6.54;317.10;--;--;--;--;
2021-06-12;--;--;--;--;--;--;--;--;--;--;--;--;15.74;72.63;25.37;83.17;35.22;94.37;44.90;107.25;53.81;123.50;60.87;145.65;64.24;174.95;62.45;205.72;56.34;230.23;47.87;248.07;38.35;261.80;28.51;273.40;18.78;284.07;9.48;294.57;0.95;305.44;-6.46;317.08;--;--;--;--;
2021-06-13;--;--;--;--;--;--;--;--;--;--;--;--;15.75;72.55;25.38;83.09;35.23;94.28;44.91;107.15;53.83;123.38;60.90;145.52;64.29;174.83;62.51;205.66;56.41;230.22;47.94;248.07;38.43;261.80;28.59;273.40;18.85;284.07;9.56;294.57;1.02;305.44;-6.39;317.07;--;--;--;--;
2021-06-14;--;--;--;--;--;--;--;--;--;--;--;--;15.75;72.48;25.38;83.01;35.23;94.19;44.91;107.05;53.84;123.26;60.93;145.38;64.34;174.71;62.58;205.59;56.48;230.19;48.01;248.06;38.49;261.80;28.65;273.40;18.92;284.07;9.62;294.56;1.09;305.42;-6.32;317.05;--;--;--;--;
2021-06-15;--;--;--;--;--;--;--;--;--;--;--;--;15.75;72.41;25.38;82.94;35.22;94.11;44.91;106.96;53.85;123.15;60.95;145.26;64.38;174.59;62.63;205.52;56.54;230.16;48.07;248.05;38.56;261.80;28.72;273.40;18.98;284.06;9.69;294.55;1.15;305.41;-6.27;317.02;--;--;--;--;
2021-06-16;--;--;--;--;--;--;--;--;--;--;--;--;15.74;72.34;25.37;82.87;35.21;94.04;44.90;106.87;53.85;123.05;60.96;145.13;64.41;174.47;62.68;205.44;56.60;230.12;48.13;248.03;38.62;261.78;28.78;273.39;19.04;284.05;9.74;294.54;1.21;305.39;-6.21;317.00;--;--;--;--;
2021-06-17;--;--;--;--;--;--;--;--;--;--;--;--;15.73;72.28;25.35;82.81;35.20;93.97;44.89;106.79;53.84;122.95;60.97;145.02;64.44;174.35;62.72;205.36;56.65;230.07;48.18;248.00;38.67;261.76;28.83;273.37;19.10;284.03;9.80;294.51;1.26;305.36;-6.17;316.97;--;--;--;--;
2021-06-18;--;--;--;--;--;--;--;--;--;--;--;--;15.72;72.23;25.33;82.75;35.18;93.91;44.87;106.72;53.83;122.86;60.97;144.90;64.46;174.24;62.76;205.27;56.69;230.02;48.23;247.97;38.72;261.74;28.88;273.35;19.15;284.01;9.84;294.49;1.30;305.33;-6.12;316.93;--;--;--;--;
2021-06-19;--;--;--;--;--;--;--;--;--;--;--;--;15.69;72.18;25.31;82.70;35.16;93.85;44.85;106.65;53.81;122.78;60.96;144.80;64.47;174.12;62.79;205.17;56.73;229.95;48.28;247.92;38.77;261.70;28.93;273.32;19.19;283.98;9.89;294.46;1.34;305.30;-6.09;316.89;--;--;--;--;
2021-06-20;--;--;--;--;--;--;--;--;--;--;--;--;15.67;72.14;25.28;82.65;35.13;93.80;44.82;106.59;53.79;122.70;60.95;144.70;64.47;174.00;62.81;205.07;56.77;229.89;48.32;247.87;38.81;261.67;28.97;273.28;19.23;283.94;9.92;294.43;1.38;305.26;-6.06;316.85;--;--;--;--;
2021-06-21;--;--;--;--;--;--;--;--;--;--;--;--;15.64;72.10;25.25;82.61;35.09;93.76;44.79;106.54;53.76;122.63;60.93;144.60;64.47;173.88;62.83;204.97;56.79;229.81;48.35;247.82;38.84;261.62;29.00;273.24;19.26;283.91;9.96;294.39;1.40;305.22;-6.04;316.81;--;--;--;--;
2021-06-22;--;--;--;--;--;--;--;--;--;--;--;--;15.60;72.06;25.21;82.58;35.05;93.72;44.75;106.49;53.72;122.57;60.90;144.51;64.46;173.77;62.84;204.86;56.82;229.73;48.38;247.76;38.87;261.57;29.03;273.20;19.29;283.86;9.98;294.34;1.43;305.18;-6.02;316.76;--;--;--;--;
2021-06-23;--;--;--;--;--;--;--;--;--;--;--;--;15.56;72.03;25.17;82.55;35.01;93.69;44.71;106.45;53.68;122.52;60.87;144.43;64.44;173.66;62.84;204.75;56.83;229.64;48.40;247.69;38.90;261.51;29.06;273.15;19.32;283.81;10.00;294.30;1.44;305.13;-6.01;316.71;--;--;--;--;
2021-06-24;--;--;--;--;--;--;--;--;--;--;--;--;15.51;72.01;25.12;82.52;34.96;93.66;44.66;106.42;53.64;122.47;60.83;144.35;64.42;173.55;62.83;204.63;56.84;229.54;48.42;247.61;38.92;261.45;29.08;273.09;19.34;283.76;10.02;294.24;1.45;305.08;-6.00;316.66;--;--;--;--;
2021-06-25;--;--;--;--;--;--;--;--;--;--;--;--;15.46;71.99;25.07;82.51;34.91;93.64;44.61;106.39;53.59;122.43;60.79;144.29;64.39;173.44;62.82;204.51;56.85;229.44;48.43;247.53;38.93;261.38;29.10;273.03;19.35;283.70;10.03;294.19;1.46;305.02;-6.00;316.60;--;--;--;--;
2021-06-26;--;--;--;--;--;--;--;--;--;--;--;--;15.40;71.97;25.01;82.49;34.85;93.63;44.55;106.38;53.53;122.40;60.74;144.22;64.35;173.34;62.81;204.39;56.84;229.33;48.44;247.44;38.94;261.30;29.11;272.96;19.36;283.64;10.03;294.13;1.46;304.96;-6.01;316.54;--;--;--;--;
2021-06-27;--;--;--;--;--;--;--;--;--;--;--;--;15.34;71.96;24.95;82.49;34.79;93.62;44.49;106.36;53.47;122.38;60.68;144.17;64.31;173.23;62.78;204.27;56.84;229.22;48.44;247.35;38.95;261.22;29.11;272.89;19.36;283.57;10.03;294.06;1.45;304.90;-6.03;316.48;--;--;--;--;
2021-06-28;--;--;--;--;--;--;--;--;--;--;--;--;15.28;71.96;24.88;82.49;34.73;93.62;44.43;106.36;53.41;122.36;60.62;144.12;64.26;173.13;62.75;204.14;56.82;229.10;48.43;247.25;38.95;261.14;29.11;272.81;19.36;283.50;10.03;293.99;1.44;304.83;-6.05;316.41;--;--;--;--;
2021-06-29;--;--;--;--;--;--;--;--;--;--;--;--;15.21;71.96;24.81;82.49;34.66;93.62;44.36;106.36;53.34;122.35;60.55;144.08;64.20;173.04;62.71;204.01;56.80;228.98;48.42;247.14;38.94;261.05;29.11;272.73;19.35;283.43;10.02;293.92;1.42;304.76;-6.07;316.34;--;--;--;--;
2021-06-30;--;--;--;--;--;--;--;--;--;--;--;--;15.13;71.97;24.74;82.50;34.58;93.64;44.28;106.37;53.26;122.35;60.48;144.05;64.14;172.95;62.67;203.87;56.78;228.85;48.40;247.03;38.93;260.95;29.09;272.64;19.34;283.35;10.00;293.85;1.40;304.69;-6.10;316.27;--;--;--;--;
2021-07-01;--;--;--;--;--;--;--;--;--;--;--;--;15.05;71.98;24.66;82.52;34.50;93.66;44.20;106.39;53.18;122.36;60.40;144.02;64.07;172.86;62.62;203.74;56.74;228.71;48.38;246.91;38.91;260.85;29.08;272.55;19.32;283.26;9.98;293.77;1.37;304.61;-6.14;316.20;--;--;--;--;
2021-07-02;--;--;--;--;--;--;--;--;--;--;--;--;14.97;72.00;24.58;82.54;34.42;93.68;44.12;106.42;53.10;122.37;60.31;144.01;63.99;172.78;62.56;203.60;56.70;228.57;48.36;246.79;38.89;260.74;29.06;272.46;19.30;283.17;9.95;293.68;1.33;304.53;-6.19;316.12;--;--;--;--;
2021-07-03;--;--;--;--;--;--;--;--;--;--;--;--;14.89;72.02;24.49;82.57;34.33;93.71;44.03;106.45;53.01;122.40;60.22;144.00;63.90;172.70;62.49;203.46;56.66;228.43;48.32;246.66;38.86;260.63;29.03;272.35;19.27;283.08;9.91;293.59;1.29;304.45;-6.24;316.05;--;--;--;--;
2021-07-04;--;--;--;--;--;--;--;--;--;--;--;--;14.79;72.05;24.40;82.60;34.25;93.75;43.94;106.49;52.91;122.43;60.13;143.99;63.81;172.62;62.42;203.33;56.60;228.28;48.28;246.52;38.83;260.51;29.00;272.25;19.23;282.98;9.87;293.50;1.24;304.36;-6.30;315.96;--;--;--;--;
2021-07-05;--;--;--;--;--;--;--;--;--;--;--;--;14.70;72.08;24.31;82.64;34.15;93.80;43.84;106.54;52.82;122.47;60.02;144.00;63.72;172.55;62.34;203.19;56.55;228.13;48.24;246.39;38.79;260.39;28.96;272.14;19.19;282.88;9.82;293.41;1.19;304.27;-6.36;315.88;--;--;--;--;
2021-07-06;--;--;--;--;--;--;--;--;--;--;--;--;14.60;72.12;24.21;82.69;34.05;93.85;43.75;106.59;52.71;122.52;59.92;144.01;63.61;172.48;62.26;203.04;56.48;227.97;48.19;246.24;38.75;260.26;28.91;272.03;19.14;282.78;9.77;293.31;1.13;304.18;-6.43;315.80;--;--;--;--;
2021-07-07;--;--;--;--;--;--;--;--;--;--;--;--;14.50;72.17;24.11;82.74;33.95;93.91;43.64;106.66;52.60;122.57;59.81;144.03;63.50;172.42;62.16;202.90;56.41;227.81;48.13;246.10;38.69;260.13;28.86;271.91;19.09;282.67;9.71;293.21;1.06;304.09;-6.51;315.71;--;--;--;--;
2021-07-08;--;--;--;--;--;--;--;--;--;--;--;--;14.39;72.22;24.01;82.80;33.85;93.98;43.54;106.73;52.49;122.64;59.69;144.06;63.39;172.37;62.06;202.76;56.33;227.65;48.06;245.94;38.64;259.99;28.81;271.79;19.03;282.56;9.65;293.11;0.99;303.99;-6.59;315.62;--;--;--;--;
2021-07-09;--;--;--;--;--;--;--;--;--;--;--;--;14.28;72.27;23.90;82.87;33.74;94.05;43.42;106.80;52.38;122.71;59.56;144.10;63.26;172.32;61.96;202.62;56.25;227.48;47.99;245.79;38.58;259.85;28.75;271.66;18.97;282.45;9.58;293.00;0.91;303.89;-6.68;315.53;--;--;--;--;
2021-07-10;--;--;--;--;--;--;--;--;--;--;--;--;14.17;72.33;23.78;82.94;33.63;94.13;43.31;106.89;52.26;122.79;59.44;144.15;63.14;172.27;61.84;202.48;56.16;227.31;47.92;245.63;38.51;259.71;28.68;271.53;18.90;282.33;9.50;292.89;0.83;303.79;-6.77;315.44;--;--;--;--;
2021-07-11;--;--;--;--;--;--;--;--;--;--;--;--;14.05;72.40;23.67;83.01;33.51;94.21;43.19;106.98;52.13;122.88;59.30;144.20;63.00;172.23;61.73;202.34;56.06;227.14;47.84;245.46;38.43;259.56;28.61;271.40;18.82;282.21;9.42;292.78;0.73;303.69;-6.88;315.34;--;--;--;--;
2021-07-12;--;--;--;--;--;--;--;--;--;--;--;--;13.93;72.48;23.55;83.10;33.39;94.30;43.07;107.08;52.00;122.97;59.16;144.26;62.86;172.20;61.60;202.21;55.95;226.97;47.75;245.30;38.35;259.41;28.53;271.26;18.74;282.08;9.33;292.66;0.64;303.58;-6.98;315.25;--;--;--;--;
2021-07-13;--;--;--;--;--;--;--;--;--;--;--;--;13.80;72.55;23.43;83.18;33.27;94.40;42.95;107.18;51.87;123.08;59.02;144.33;62.71;172.17;61.47;202.07;55.84;226.79;47.65;245.13;38.27;259.26;28.45;271.12;18.66;281.95;9.24;292.55;0.54;303.47;-7.10;315.15;--;--;--;--;
2021-07-14;--;--;--;--;--;--;--;--;--;--;--;--;13.67;72.64;23.30;83.28;33.15;94.51;42.82;107.30;51.73;123.19;58.87;144.40;62.56;172.14;61.33;201.93;55.73;226.61;47.55;244.95;38.17;259.10;28.36;270.98;18.56;281.82;9.14;292.43;0.43;303.36;-7.22;315.05;--;--;--;--;
2021-07-15;--;--;--;--;--;--;--;--;--;--;--;--;13.54;72.73;23.18;83.38;33.02;94.62;42.69;107.42;51.59;123.31;58.72;144.48;62.40;172.12;61.18;201.80;55.60;226.43;47.45;244.78;38.08;258.94;28.26;270.83;18.46;281.69;9.04;292.30;0.31;303.25;-7.35;314.95;--;--;--;--;
2021-07-16;--;--;--;--;--;--;--;--;--;--;--;--;13.41;72.82;23.04;83.49;32.89;94.74;42.55;107.54;51.45;123.43;58.56;144.57;62.23;172.11;61.03;201.67;55.47;226.25;47.34;244.60;37.97;258.77;28.16;270.68;18.36;281.55;8.93;292.18;0.19;303.13;-7.48;314.85;--;--;--;--;
2021-07-17;--;--;--;--;--;--;--;--;--;--;--;--;13.27;72.92;22.91;83.60;32.75;94.86;42.41;107.68;51.30;123.57;58.40;144.67;62.06;172.10;60.87;201.54;55.34;226.07;47.22;244.41;37.86;258.61;28.05;270.53;18.25;281.41;8.81;292.05;0.06;303.01;-7.62;314.75;--;--;--;--;
2021-07-18;--;--;--;--;--;--;--;--;--;--;--;--;13.13;73.03;22.77;83.72;32.62;94.99;42.27;107.82;51.15;123.71;58.23;144.78;61.89;172.10;60.70;201.41;55.19;225.89;47.09;244.23;37.75;258.44;27.94;270.38;18.13;281.27;8.69;291.92;-0.07;302.90;-7.76;314.64;--;--;--;--;
2021-07-19;--;--;--;--;--;--;--;--;--;--;--;--;12.98;73.14;22.63;83.84;32.48;95.13;42.13;107.96;50.99;123.85;58.06;144.89;61.71;172.11;60.53;201.28;55.04;225.70;46.96;244.04;37.63;258.26;27.82;270.22;18.01;281.13;8.56;291.79;-0.21;302.78;-7.92;314.53;--;--;--;--;
2021-07-20;--;--;--;--;--;--;--;--;--;--;--;--;12.84;73.26;22.49;83.97;32.34;95.27;41.98;108.12;50.83;124.01;57.88;145.01;61.52;172.12;60.35;201.16;54.89;225.52;46.82;243.85;37.50;258.09;27.69;270.06;17.88;280.98;8.42;291.65;-0.35;302.65;-8.07;314.43;--;--;--;--;
2021-07-21;--;--;--;--;--;--;--;--;--;--;--;--;12.69;73.38;22.34;84.11;32.19;95.42;41.83;108.28;50.67;124.17;57.70;145.13;61.32;172.13;60.17;201.04;54.73;225.33;46.68;243.66;37.37;257.91;27.56;269.90;17.75;280.83;8.28;291.51;-0.50;302.53;-8.24;314.32;--;--;--;--;
2021-07-22;--;--;--;--;--;--;--;--;--;--;--;--;12.54;73.51;22.20;84.25;32.04;95.57;41.67;108.45;50.50;124.34;57.52;145.26;61.13;172.15;59.98;200.92;54.56;225.15;46.53;243.47;37.23;257.73;27.43;269.73;17.61;280.68;8.14;291.38;-0.66;302.40;-8.41;314.21;--;--;--;--;
2021-07-23;--;--;--;--;--;--;--;--;--;--;--;--;12.38;73.65;22.05;84.40;31.89;95.73;41.52;108.62;50.33;124.52;57.33;145.40;60.92;172.18;59.78;200.81;54.38;224.96;46.37;243.28;37.08;257.55;27.29;269.56;17.47;280.53;7.98;291.23;-0.82;302.28;-8.58;314.10;--;--;--;--;
2021-07-24;--;--;--;--;--;--;--;--;--;--;--;--;12.22;73.79;21.89;84.55;31.74;95.90;41.36;108.80;50.16;124.70;57.13;145.55;60.71;172.21;59.58;200.69;54.20;224.78;46.21;243.08;36.93;257.36;27.14;269.39;17.32;280.37;7.83;291.09;-0.99;302.15;--;--;--;--;--;--;
2021-07-25;--;--;--;--;--;--;--;--;--;--;--;--;12.06;73.93;21.74;84.71;31.58;96.07;41.19;108.99;49.98;124.89;56.93;145.70;60.50;172.25;59.37;200.59;54.02;224.60;46.04;242.89;36.77;257.18;26.98;269.22;17.16;280.21;7.66;290.95;-1.17;302.02;--;--;--;--;--;--;
2021-07-26;--;--;--;--;--;--;--;--;--;--;--;--;11.90;74.08;21.58;84.87;31.42;96.25;41.03;109.18;49.80;125.08;56.73;145.86;60.28;172.29;59.16;200.48;53.82;224.41;45.87;242.69;36.61;256.99;26.82;269.05;17.00;280.05;7.49;290.80;-1.35;301.89;--;--;--;--;--;--;
2021-07-27;--;--;--;--;--;--;--;--;--;--;--;--;11.73;74.24;21.42;85.04;31.26;96.44;40.86;109.38;49.61;125.28;56.52;146.02;60.05;172.33;58.94;200.38;53.62;224.23;45.69;242.49;36.44;256.80;26.66;268.88;16.83;279.89;7.32;290.66;-1.53;301.76;--;--;--;--;--;--;
2021-07-28;--;--;--;--;--;--;--;--;--;--;--;--;11.57;74.40;21.25;85.21;31.10;96.63;40.69;109.58;49.43;125.49;56.31;146.19;59.82;172.39;58.71;200.28;53.42;224.05;45.50;242.29;36.27;256.61;26.49;268.70;16.66;279.73;7.14;290.51;-1.72;301.62;--;--;--;--;--;--;
2021-07-29;--;--;--;--;--;--;--;--;--;--;--;--;11.39;74.56;21.09;85.39;30.93;96.82;40.51;109.79;49.24;125.70;56.10;146.37;59.59;172.44;58.48;200.18;53.21;223.87;45.31;242.09;36.09;256.42;26.31;268.52;16.48;279.57;6.95;290.36;-1.92;301.49;--;--;--;--;--;--;
2021-07-30;--;--;--;--;--;--;--;--;--;--;--;--;11.22;74.73;20.92;85.58;30.76;97.02;40.34;110.01;49.04;125.92;55.88;146.55;59.35;172.51;58.24;200.09;52.99;223.69;45.12;241.89;35.90;256.23;26.13;268.34;16.29;279.40;6.76;290.21;-2.12;301.35;--;--;--;--;--;--;
2021-07-31;--;--;--;--;--;--;--;--;--;--;--;--;11.05;74.91;20.75;85.77;30.59;97.23;40.16;110.23;48.84;126.15;55.65;146.74;59.10;172.57;58.00;200.00;52.77;223.51;44.91;241.69;35.71;256.03;25.94;268.16;16.10;279.23;6.56;290.05;-2.33;301.22;--;--;--;--;--;--;
2021-08-01;--;--;--;--;--;--;--;--;--;--;--;--;10.87;75.09;20.58;85.97;30.42;97.44;39.98;110.45;48.64;126.38;55.43;146.93;58.86;172.64;57.75;199.92;52.54;223.33;44.70;241.49;35.51;255.84;25.75;267.98;15.91;279.07;6.36;289.90;-2.54;301.08;--;--;--;--;--;--;
2021-08-02;--;--;--;--;--;--;--;--;--;--;--;--;10.69;75.28;20.41;86.17;30.25;97.66;39.79;110.69;48.44;126.61;55.20;147.12;58.60;172.72;57.50;199.83;52.31;223.16;44.49;241.29;35.31;255.64;25.55;267.80;15.71;278.90;6.15;289.74;-2.76;300.94;--;--;--;--;--;--;
2021-08-03;--;--;--;--;--;--;--;--;--;--;--;--;10.51;75.47;20.23;86.37;30.07;97.88;39.60;110.92;48.23;126.85;54.96;147.32;58.34;172.80;57.24;199.76;52.07;222.99;44.27;241.09;35.10;255.45;25.35;267.61;15.50;278.73;5.94;289.59;-2.99;300.80;--;--;--;--;--;--;
2021-08-04;--;--;--;--;--;--;--;--;--;--;--;--;10.33;75.66;20.05;86.58;29.89;98.11;39.41;111.17;48.02;127.10;54.72;147.53;58.08;172.88;56.98;199.68;51.82;222.82;44.04;240.90;34.89;255.25;25.14;267.43;15.29;278.55;5.72;289.43;-3.21;300.66;--;--;--;--;--;--;
2021-08-05;--;--;--;--;--;--;--;--;--;--;--;--;10.14;75.86;19.87;86.80;29.71;98.34;39.22;111.41;47.81;127.35;54.48;147.74;57.81;172.97;56.71;199.61;51.57;222.65;43.81;240.70;34.67;255.05;24.93;267.24;15.08;278.38;5.50;289.27;-3.45;300.52;--;--;--;--;--;--;
2021-08-06;--;--;--;--;--;--;--;--;--;--;--;--;9.96;76.07;19.69;87.02;29.52;98.57;39.03;111.67;47.59;127.61;54.23;147.96;57.54;173.06;56.43;199.54;51.31;222.48;43.57;240.50;34.45;254.85;24.71;267.05;14.86;278.21;5.27;289.11;-3.69;300.38;--;--;--;--;--;--;
2021-08-07;--;--;--;--;--;--;--;--;--;--;--;--;9.77;76.28;19.51;87.24;29.34;98.81;38.83;111.92;47.38;127.87;53.98;148.17;57.26;173.16;56.16;199.48;51.05;222.31;43.33;240.30;34.22;254.66;24.48;266.87;14.63;278.03;5.04;288.95;-3.93;300.23;--;--;--;--;--;--;
2021-08-08;--;--;--;--;--;--;--;--;--;--;--;--;9.58;76.49;19.32;87.47;29.15;99.06;38.63;112.18;47.15;128.13;53.73;148.40;56.98;173.26;55.87;199.42;50.78;222.15;43.08;240.10;33.98;254.46;24.25;266.68;14.40;277.86;4.80;288.79;-4.18;300.09;--;--;--;--;--;--;
2021-08-09;--;--;--;--;--;--;--;--;--;--;--;--;9.38;76.71;19.14;87.70;28.96;99.31;38.43;112.45;46.93;128.40;53.47;148.62;56.70;173.36;55.58;199.36;50.51;221.99;42.83;239.91;33.74;254.26;24.02;266.49;14.16;277.68;4.56;288.63;-4.43;299.95;--;--;--;--;--;--;
2021-08-10;--;--;--;--;--;--;--;--;--;--;--;--;9.19;76.93;18.95;87.94;28.77;99.56;38.23;112.72;46.70;128.67;53.21;148.85;56.41;173.47;55.29;199.30;50.24;221.83;42.57;239.71;33.50;254.06;23.78;266.30;13.92;277.51;4.31;288.47;-4.69;299.80;--;--;--;--;--;--;
2021-08-11;--;--;--;--;--;--;--;--;--;--;--;--;8.99;77.16;18.76;88.18;28.58;99.82;38.02;112.99;46.47;128.95;52.95;149.09;56.12;173.58;54.99;199.25;49.95;221.67;42.31;239.52;33.25;253.86;23.53;266.11;13.68;277.33;4.06;288.31;-4.96;299.66;--;--;--;--;--;--;
2021-08-12;--;--;--;--;--;--;--;--;--;--;--;--;8.80;77.39;18.57;88.43;28.38;100.09;37.81;113.27;46.24;129.23;52.68;149.32;55.82;173.69;54.69;199.21;49.67;221.52;42.04;239.33;32.99;253.67;23.28;265.92;13.43;277.15;3.80;288.14;-5.22;299.51;--;--;--;--;--;--;
2021-08-13;--;--;--;--;--;--;--;--;--;--;--;--;8.60;77.63;18.37;88.68;28.18;100.35;37.60;113.55;46.00;129.51;52.41;149.56;55.52;173.81;54.38;199.16;49.38;221.37;41.77;239.13;32.73;253.47;23.03;265.73;13.17;276.97;3.54;287.98;-5.50;299.36;--;--;--;--;--;--;
2021-08-14;--;--;--;--;--;--;--;--;--;--;--;--;--;--;18.18;88.94;27.99;100.62;37.39;113.84;45.76;129.80;52.14;149.80;55.22;173.93;54.07;199.12;49.08;221.22;41.49;238.94;32.47;253.27;22.77;265.54;12.91;276.79;3.28;287.81;-5.77;299.22;--;--;--;--;--;--;
2021-08-15;--;--;--;--;--;--;--;--;--;--;--;--;--;--;17.98;89.19;27.78;100.90;37.17;114.13;45.52;130.09;51.86;150.05;54.91;174.05;53.76;199.08;48.78;221.07;41.21;238.75;32.20;253.08;22.51;265.35;12.65;276.61;3.01;287.65;-6.05;299.07;--;--;--;--;--;--;
2021-08-16;--;--;--;--;--;--;--;--;--;--;--;--;--;--;17.78;89.46;27.58;101.18;36.96;114.42;45.28;130.38;51.58;150.29;54.60;174.17;53.44;199.04;48.47;220.93;40.92;238.56;31.93;252.88;22.24;265.16;12.38;276.43;2.73;287.48;-6.34;298.92;--;--;--;--;--;--;
2021-08-17;--;--;--;--;--;--;--;--;--;--;--;--;--;--;17.58;89.72;27.38;101.46;36.74;114.72;45.03;130.67;51.30;150.54;54.28;174.30;53.12;199.01;48.16;220.79;40.63;238.38;31.65;252.68;21.97;264.97;12.11;276.25;2.45;287.31;-6.63;298.77;--;--;--;--;--;--;
2021-08-18;--;--;--;--;--;--;--;--;--;--;--;--;--;--;17.38;89.99;27.17;101.74;36.52;115.02;44.78;130.97;51.01;150.80;53.96;174.43;52.79;198.98;47.85;220.65;40.34;238.19;31.37;252.49;21.69;264.78;11.83;276.07;2.17;287.15;-6.92;298.63;--;--;--;--;--;--;
2021-08-19;--;--;--;--;--;--;--;--;--;--;--;--;--;--;17.18;90.27;26.96;102.03;36.29;115.32;44.53;131.27;50.72;151.05;53.64;174.56;52.46;198.95;47.53;220.51;40.04;238.01;31.08;252.29;21.41;264.59;11.55;275.89;1.88;286.98;-7.22;298.48;--;--;--;--;--;--;
2021-08-20;--;--;--;--;--;--;--;--;--;--;--;--;--;--;16.97;90.54;26.75;102.32;36.07;115.62;44.27;131.57;50.43;151.30;53.32;174.69;52.13;198.93;47.21;220.37;39.73;237.82;30.79;252.10;21.13;264.40;11.27;275.71;1.59;286.81;-7.52;298.33;--;--;--;--;--;--;
2021-08-21;--;--;--;--;--;--;--;--;--;--;--;--;--;--;16.77;90.82;26.54;102.62;35.84;115.93;44.02;131.88;50.13;151.56;52.99;174.83;51.79;198.91;46.88;220.24;39.42;237.64;30.49;251.90;20.84;264.20;10.98;275.53;1.30;286.64;-7.82;298.18;--;--;--;--;--;--;
2021-08-22;--;--;--;--;--;--;--;--;--;--;--;--;--;--;16.56;91.10;26.33;102.92;35.61;116.24;43.76;132.19;49.83;151.82;52.66;174.96;51.45;198.89;46.55;220.11;39.11;237.46;30.19;251.71;20.55;264.01;10.69;275.35;1.00;286.47;-8.13;298.03;--;--;--;--;--;--;
2021-08-23;--;--;--;--;--;--;--;--;--;--;--;--;--;--;16.35;91.39;26.12;103.22;35.37;116.55;43.49;132.50;49.53;152.08;52.32;175.10;51.10;198.87;46.22;219.98;38.80;237.29;29.89;251.52;20.25;263.82;10.39;275.17;0.70;286.30;-8.45;297.88;--;--;--;--;--;--;
2021-08-24;--;--;--;--;--;--;--;--;--;--;--;--;--;--;16.14;91.68;25.90;103.52;35.14;116.87;43.23;132.81;49.23;152.34;51.99;175.24;50.75;198.85;45.88;219.85;38.48;237.11;29.59;251.33;19.95;263.63;10.09;274.98;0.39;286.14;-8.76;297.72;--;--;--;--;--;--;
2021-08-25;--;--;--;--;--;--;--;--;--;--;--;--;--;--;15.93;91.97;25.68;103.82;34.90;117.18;42.96;133.12;48.92;152.60;51.65;175.38;50.40;198.84;45.54;219.73;38.15;236.93;29.28;251.14;19.65;263.44;9.79;274.80;0.09;285.97;-9.08;297.57;--;--;--;--;--;--;
2021-08-26;--;--;--;--;--;--;--;--;--;--;--;--;--;--;15.72;92.26;25.46;104.13;34.67;117.50;42.69;133.43;48.61;152.86;51.30;175.52;50.05;198.83;45.20;219.61;37.82;236.76;28.96;250.95;19.34;263.25;9.48;274.62;-0.23;285.79;-9.40;297.42;--;--;--;--;--;--;
2021-08-27;--;--;--;--;--;--;--;--;--;--;--;--;--;--;15.51;92.56;25.24;104.44;34.43;117.82;42.42;133.74;48.30;153.12;50.96;175.66;49.69;198.82;44.85;219.49;37.49;236.59;28.64;250.76;19.03;263.06;9.17;274.43;-0.54;285.62;-9.73;297.27;--;--;--;--;--;--;
2021-08-28;--;--;--;--;--;--;--;--;--;--;--;--;--;--;15.29;92.86;25.02;104.76;34.18;118.15;42.15;134.06;47.99;153.38;50.61;175.80;49.33;198.81;44.50;219.37;37.16;236.41;28.32;250.57;18.72;262.87;8.86;274.25;-0.86;285.45;--;--;--;--;--;--;--;--;
2021-08-29;--;--;--;--;--;--;--;--;--;--;--;--;--;--;15.08;93.16;24.80;105.07;33.94;118.47;41.87;134.38;47.67;153.65;50.26;175.95;48.97;198.81;44.15;219.26;36.82;236.25;28.00;250.38;18.41;262.68;8.55;274.07;-1.18;285.28;--;--;--;--;--;--;--;--;
2021-08-30;--;--;--;--;--;--;--;--;--;--;--;--;--;--;14.86;93.47;24.57;105.39;33.69;118.80;41.59;134.69;47.35;153.91;49.90;176.09;48.60;198.80;43.79;219.14;36.48;236.08;27.67;250.19;18.09;262.49;8.23;273.89;-1.50;285.11;--;--;--;--;--;--;--;--;
2021-08-31;--;--;--;--;--;--;--;--;--;--;--;--;--;--;14.64;93.77;24.34;105.70;33.45;119.12;41.31;135.01;47.03;154.17;49.55;176.23;48.23;198.80;43.43;219.03;36.14;235.91;27.34;250.01;17.76;262.31;7.91;273.70;-1.83;284.94;--;--;--;--;--;--;--;--;
2021-09-01;--;--;--;--;--;--;--;--;--;--;--;--;--;--;14.42;94.08;24.12;106.02;33.20;119.45;41.03;135.33;46.70;154.43;49.19;176.38;47.86;198.80;43.07;218.92;35.79;235.74;27.01;249.82;17.44;262.12;7.58;273.52;-2.16;284.76;--;--;--;--;--;--;--;--;
2021-09-02;--;--;--;--;--;--;--;--;--;--;--;--;--;--;14.20;94.39;23.89;106.35;32.94;119.78;40.74;135.64;46.38;154.70;48.83;176.52;47.49;198.80;42.70;218.81;35.44;235.58;26.68;249.64;17.11;261.93;7.26;273.33;-2.49;284.59;--;--;--;--;--;--;--;--;
2021-09-03;--;--;--;--;--;--;--;--;--;--;--;--;--;--;13.98;94.70;23.65;106.67;32.69;120.11;40.45;135.96;46.05;154.96;48.46;176.66;47.11;198.80;42.34;218.70;35.09;235.42;26.34;249.45;16.78;261.74;6.93;273.15;-2.82;284.42;--;--;--;--;--;--;--;--;
2021-09-04;--;--;--;--;--;--;--;--;--;--;--;--;--;--;13.76;95.02;23.42;106.99;32.44;120.44;40.16;136.28;45.72;155.22;48.10;176.81;46.73;198.80;41.97;218.60;34.74;235.26;26.00;249.27;16.45;261.55;6.60;272.97;-3.16;284.24;--;--;--;--;--;--;--;--;
2021-09-05;--;--;--;--;--;--;--;--;--;--;--;--;--;--;13.54;95.33;23.19;107.32;32.18;120.77;39.87;136.60;45.38;155.48;47.73;176.95;46.35;198.80;41.59;218.49;34.38;235.10;25.66;249.09;16.11;261.36;6.26;272.78;-3.50;284.07;--;--;--;--;--;--;--;--;
2021-09-06;--;--;--;--;--;--;--;--;--;--;--;--;--;--;13.31;95.65;22.95;107.64;31.92;121.10;39.58;136.91;45.05;155.74;47.36;177.10;45.97;198.81;41.22;218.39;34.02;234.94;25.31;248.90;15.78;261.18;5.93;272.60;-3.84;283.89;--;--;--;--;--;--;--;--;
2021-09-07;--;--;--;--;--;--;--;--;--;--;--;--;--;--;13.09;95.97;22.72;107.97;31.66;121.43;39.28;137.23;44.71;156.00;46.99;177.24;45.59;198.81;40.84;218.29;33.66;234.78;24.96;248.72;15.44;260.99;5.59;272.41;-4.18;283.72;--;--;--;--;--;--;--;--;
2021-09-08;--;--;--;--;--;--;--;--;--;--;--;--;--;--;12.86;96.29;22.48;108.30;31.40;121.76;38.98;137.54;44.37;156.25;46.62;177.38;45.20;198.81;40.47;218.19;33.30;234.62;24.61;248.54;15.10;260.80;5.25;272.23;-4.52;283.54;--;--;--;--;--;--;--;--;
2021-09-09;--;--;--;--;--;--;--;--;--;--;--;--;--;--;12.63;96.61;22.24;108.63;31.13;122.09;38.68;137.86;44.03;156.51;46.24;177.52;44.82;198.82;40.09;218.09;32.94;234.47;24.26;248.36;14.75;260.62;4.91;272.04;-4.87;283.36;--;--;--;--;--;--;--;--;
2021-09-10;--;--;--;--;--;--;--;--;--;--;--;--;--;--;12.40;96.93;22.00;108.95;30.87;122.42;38.38;138.17;43.69;156.76;45.87;177.66;44.43;198.83;39.70;218.00;32.57;234.31;23.91;248.18;14.41;260.43;4.57;271.86;-5.21;283.18;--;--;--;--;--;--;--;--;
2021-09-11;--;--;--;--;--;--;--;--;--;--;--;--;--;--;12.17;97.25;21.75;109.28;30.60;122.75;38.08;138.48;43.34;157.01;45.49;177.80;44.04;198.83;39.32;217.90;32.20;234.16;23.56;248.00;14.06;260.24;4.22;271.67;-5.56;283.01;--;--;--;--;--;--;--;--;
2021-09-12;--;--;--;--;--;--;--;--;--;--;--;--;--;--;11.94;97.58;21.51;109.61;30.33;123.08;37.78;138.80;43.00;157.26;45.11;177.94;43.65;198.84;38.94;217.80;31.83;234.01;23.20;247.83;13.72;260.06;3.88;271.49;-5.91;282.83;--;--;--;--;--;--;--;--;
2021-09-13;--;--;--;--;--;--;--;--;--;--;--;--;--;--;11.71;97.90;21.27;109.94;30.06;123.41;37.47;139.11;42.65;157.51;44.73;178.08;43.25;198.85;38.55;217.71;31.46;233.86;22.84;247.65;13.37;259.87;3.53;271.30;-6.26;282.65;--;--;--;--;--;--;--;--;
2021-09-14;--;--;--;--;--;--;--;--;--;--;--;--;--;--;11.48;98.22;21.02;110.27;29.79;123.74;37.16;139.41;42.30;157.76;44.35;178.21;42.86;198.85;38.16;217.62;31.09;233.71;22.48;247.47;13.02;259.68;3.18;271.12;-6.61;282.47;--;--;--;--;--;--;--;--;
2021-09-15;--;--;--;--;--;--;--;--;--;--;--;--;--;--;11.25;98.55;20.77;110.60;29.52;124.07;36.85;139.72;41.95;158.01;43.96;178.35;42.47;198.86;37.78;217.52;30.71;233.56;22.12;247.30;12.67;259.50;2.84;270.93;-6.96;282.29;--;--;--;--;--;--;--;--;
2021-09-16;--;--;--;--;--;--;--;--;--;--;--;--;--;--;11.01;98.87;20.52;110.93;29.24;124.39;36.54;140.03;41.60;158.25;43.58;178.48;42.07;198.87;37.39;217.43;30.34;233.41;21.76;247.12;12.32;259.31;2.49;270.74;-7.32;282.11;--;--;--;--;--;--;--;--;
2021-09-17;--;--;--;--;--;--;--;--;--;--;--;--;--;--;10.78;99.20;20.27;111.26;28.97;124.72;36.23;140.33;41.25;158.49;43.20;178.61;41.67;198.87;37.00;217.34;29.97;233.26;21.40;246.94;11.96;259.13;2.14;270.55;-7.67;281.92;--;--;--;--;--;--;--;--;
2021-09-18;--;--;--;--;--;--;--;--;--;--;--;--;--;--;10.54;99.52;20.02;111.58;28.69;125.04;35.91;140.63;40.89;158.73;42.81;178.74;41.28;198.88;36.61;217.25;29.59;233.11;21.04;246.77;11.61;258.94;1.79;270.37;-8.02;281.74;--;--;--;--;--;--;--;--;
2021-09-19;--;--;--;--;--;--;--;--;--;--;--;--;--;--;10.30;99.85;19.77;111.91;28.41;125.37;35.60;140.93;40.54;158.96;42.42;178.87;40.88;198.89;36.22;217.16;29.21;232.96;20.68;246.59;11.26;258.75;1.44;270.18;-8.38;281.56;--;--;--;--;--;--;--;--;
2021-09-20;--;--;--;--;--;--;--;--;--;--;--;--;--;--;10.06;100.17;19.52;112.24;28.13;125.69;35.28;141.22;40.18;159.20;42.04;179.00;40.48;198.89;35.82;217.07;28.84;232.82;20.31;246.42;10.90;258.57;1.09;269.99;-8.73;281.37;--;--;--;--;--;--;--;--;
2021-09-21;--;--;--;--;--;--;--;--;--;--;--;--;--;--;9.83;100.49;19.26;112.56;27.85;126.01;34.96;141.52;39.82;159.43;41.65;179.12;40.08;198.90;35.43;216.98;28.46;232.67;19.95;246.25;10.55;258.38;0.73;269.80;-9.09;281.19;--;--;--;--;--;--;--;--;
2021-09-22;--;--;--;--;--;--;--;--;--;--;--;--;--;--;9.59;100.82;19.01;112.89;27.57;126.33;34.64;141.81;39.46;159.65;41.26;179.25;39.68;198.90;35.04;216.89;28.08;232.53;19.59;246.07;10.19;258.20;0.38;269.61;-9.44;281.00;--;--;--;--;--;--;--;--;
2021-09-23;--;--;--;--;--;--;--;--;--;--;--;--;--;--;9.35;101.14;18.75;113.21;27.28;126.64;34.32;142.10;39.10;159.88;40.87;179.37;39.28;198.91;34.65;216.80;27.70;232.38;19.22;245.90;9.84;258.01;0.03;269.42;-9.79;280.81;--;--;--;--;--;--;--;--;
2021-09-24;--;--;--;--;--;--;--;--;--;--;--;--;--;--;9.10;101.46;18.49;113.53;27.00;126.96;34.00;142.38;38.74;160.10;40.48;179.48;38.88;198.91;34.26;216.72;27.32;232.24;18.86;245.73;9.49;257.82;-0.32;269.23;-10.15;280.63;--;--;--;--;--;--;--;--;
2021-09-25;--;--;--;--;--;--;--;--;--;--;--;--;--;--;--;--;18.23;113.85;26.71;127.27;33.68;142.67;38.38;160.32;40.09;179.60;38.49;198.91;33.86;216.63;26.95;232.09;18.50;245.55;9.13;257.64;-0.67;269.04;-10.50;280.44;--;--;--;--;--;--;--;--;
2021-09-26;--;--;--;--;--;--;--;--;--;--;--;--;--;--;--;--;17.97;114.17;26.42;127.58;33.36;142.95;38.02;160.54;39.71;179.71;38.09;198.91;33.47;216.54;26.57;231.95;18.13;245.38;8.78;257.45;-1.02;268.85;--;--;--;--;--;--;--;--;--;--;
2021-09-27;--;--;--;--;--;--;--;--;--;--;--;--;--;--;--;--;17.71;114.49;26.14;127.88;33.03;143.23;37.66;160.75;39.32;179.83;37.69;198.91;33.08;216.45;26.19;231.80;17.77;245.21;8.43;257.26;-1.37;268.66;--;--;--;--;--;--;--;--;--;--;
2021-09-28;--;--;--;--;--;--;--;--;--;--;--;--;--;--;--;--;17.45;114.80;25.85;128.19;32.71;143.50;37.30;160.96;38.93;179.94;37.29;198.91;32.69;216.36;25.82;231.66;17.41;245.03;8.07;257.08;-1.71;268.46;--;--;--;--;--;--;--;--;--;--;
2021-09-29;--;--;--;--;--;--;--;--;--;--;--;--;--;--;--;--;17.19;115.11;25.56;128.49;32.38;143.77;36.94;161.16;38.54;180.04;36.89;198.91;32.30;216.27;25.44;231.52;17.05;244.86;7.72;256.89;-2.06;268.27;--;--;--;--;--;--;--;--;--;--;
2021-09-30;--;--;--;--;--;--;--;--;--;--;--;--;--;--;--;--;16.93;115.43;25.27;128.79;32.06;144.04;36.58;161.37;38.15;180.15;36.50;198.90;31.91;216.18;25.07;231.37;16.69;244.69;7.37;256.70;-2.41;268.08;--;--;--;--;--;--;--;--;--;--;
2021-10-01;--;--;--;--;--;--;--;--;--;--;--;--;--;--;--;--;16.66;115.73;24.97;129.09;31.73;144.30;36.21;161.57;37.76;180.25;36.10;198.90;31.52;216.09;24.69;231.23;16.33;244.51;7.02;256.51;-2.75;267.88;--;--;--;--;--;--;--;--;--;--;
2021-10-02;--;--;--;--;--;--;--;--;--;--;--;--;--;--;--;--;16.40;116.04;24.68;129.38;31.40;144.56;35.85;161.76;37.37;180.35;35.70;198.89;31.13;216.00;24.32;231.09;15.97;244.34;6.67;256.32;-3.10;267.68;--;--;--;--;--;--;--;--;--;--;
2021-10-03;--;--;--;--;--;--;--;--;--;--;--;--;--;--;--;--;16.13;116.35;24.39;129.67;31.08;144.82;35.49;161.95;36.99;180.44;35.31;198.89;30.75;215.91;23.95;230.94;15.61;244.17;6.33;256.14;-3.44;267.49;--;--;--;--;--;--;--;--;--;--;
2021-10-04;--;--;--;--;--;--;--;--;--;--;--;--;--;--;--;--;15.87;116.65;24.10;129.96;30.75;145.07;35.13;162.14;36.60;180.54;34.92;198.88;30.36;215.82;23.58;230.80;15.26;243.99;5.98;255.95;-3.78;267.29;--;--;--;--;--;--;--;--;--;--;
2021-10-05;--;--;--;--;--;--;--;--;--;--;--;--;--;--;--;--;15.60;116.95;23.80;130.24;30.42;145.32;34.77;162.33;36.22;180.63;34.53;198.87;29.98;215.73;23.21;230.66;14.90;243.82;5.64;255.76;-4.12;267.09;--;--;--;--;--;--;--;--;--;--;
2021-10-06;--;--;--;--;--;--;--;--;--;--;--;--;--;--;--;--;15.33;117.24;23.51;130.52;30.09;145.57;34.40;162.51;35.83;180.71;34.14;198.85;29.60;215.64;22.84;230.51;14.55;243.65;5.30;255.57;-4.45;266.90;--;--;--;--;--;--;--;--;--;--;
2021-10-07;--;--;--;--;--;--;--;--;--;--;--;--;--;--;--;--;15.07;117.54;23.21;130.80;29.76;145.81;34.04;162.68;35.45;180.80;33.75;198.84;29.21;215.54;22.47;230.37;14.20;243.47;4.96;255.38;-4.79;266.70;--;--;--;--;--;--;--;--;--;--;
2021-10-08;--;--;--;--;--;--;--;--;--;--;--;--;--;--;--;--;14.80;117.83;22.92;131.07;29.44;146.05;33.68;162.86;35.07;180.88;33.36;198.83;28.84;215.45;22.11;230.22;13.85;243.30;4.62;255.19;-5.12;266.50;--;--;--;--;--;--;--;--;--;--;
2021-10-09;--;--;--;--;--;--;--;--;--;--;--;--;--;--;--;--;14.53;118.11;22.62;131.34;29.11;146.28;33.32;163.03;34.69;180.96;32.97;198.81;28.46;215.36;21.75;230.08;13.50;243.12;4.29;254.99;-5.45;266.30;--;--;--;--;--;--;--;--;--;--;
2021-10-10;--;--;--;--;--;--;--;--;--;--;--;--;--;--;--;--;14.26;118.40;22.33;131.61;28.78;146.51;32.97;163.19;34.31;181.03;32.59;198.79;28.08;215.26;21.39;229.93;13.16;242.95;3.95;254.80;-5.78;266.09;--;--;--;--;--;--;--;--;--;--;
2021-10-11;--;--;--;--;--;--;--;--;--;--;--;--;--;--;--;--;13.99;118.68;22.03;131.87;28.45;146.73;32.61;163.35;33.93;181.10;32.21;198.77;27.71;215.17;21.03;229.79;12.82;242.77;3.62;254.61;-6.10;265.89;--;--;--;--;--;--;--;--;--;--;
2021-10-12;--;--;--;--;--;--;--;--;--;--;--;--;--;--;--;--;13.72;118.95;21.73;132.13;28.12;146.96;32.25;163.51;33.55;181.17;31.83;198.74;27.34;215.07;20.68;229.64;12.48;242.60;3.29;254.42;-6.42;265.69;--;--;--;--;--;--;--;--;--;--;
2021-10-13;--;--;--;--;--;--;--;--;--;--;--;--;--;--;--;--;13.45;119.23;21.44;132.38;27.80;147.17;31.89;163.66;33.18;181.24;31.45;198.72;26.97;214.97;20.32;229.49;12.14;242.42;2.97;254.22;-6.74;265.48;--;--;--;--;--;--;--;--;--;--;
2021-10-14;--;--;--;--;--;--;--;--;--;--;--;--;--;--;--;--;13.18;119.50;21.14;132.63;27.47;147.38;31.54;163.81;32.81;181.30;31.07;198.69;26.61;214.87;19.97;229.35;11.81;242.25;2.65;254.03;-7.06;265.28;--;--;--;--;--;--;--;--;--;--;
2021-10-15;--;--;--;--;--;--;--;--;--;--;--;--;--;--;--;--;12.91;119.77;20.85;132.88;27.15;147.59;31.19;163.95;32.44;181.36;30.70;198.66;26.24;214.77;19.63;229.20;11.47;242.07;2.33;253.84;-7.37;265.07;--;--;--;--;--;--;--;--;--;--;
2021-10-16;--;--;--;--;--;--;--;--;--;--;--;--;--;--;--;--;12.64;120.03;20.55;133.12;26.82;147.79;30.83;164.09;32.07;181.42;30.33;198.63;25.88;214.67;19.28;229.05;11.15;241.89;2.01;253.64;-7.68;264.87;--;--;--;--;--;--;--;--;--;--;
2021-10-17;--;--;--;--;--;--;--;--;--;--;--;--;--;--;--;--;12.37;120.29;20.25;133.36;26.50;147.99;30.48;164.23;31.70;181.47;29.96;198.60;25.53;214.57;18.94;228.90;10.82;241.72;1.70;253.45;-7.99;264.66;--;--;--;--;--;--;--;--;--;--;
2021-10-18;--;--;--;--;--;--;--;--;--;--;--;--;--;--;--;--;12.10;120.54;19.96;133.59;26.17;148.19;30.13;164.36;31.34;181.52;29.60;198.57;25.17;214.47;18.60;228.75;10.50;241.54;1.39;253.25;-8.29;264.45;--;--;--;--;--;--;--;--;--;--;
2021-10-19;--;--;--;--;--;--;--;--;--;--;--;--;--;--;--;--;11.83;120.79;19.67;133.82;25.85;148.38;29.79;164.49;30.97;181.56;29.23;198.53;24.82;214.36;18.27;228.61;10.18;241.36;1.08;253.06;-8.59;264.25;--;--;--;--;--;--;--;--;--;--;
2021-10-20;--;--;--;--;--;--;--;--;--;--;--;--;--;--;--;--;11.56;121.04;19.37;134.04;25.53;148.56;29.44;164.61;30.61;181.61;28.87;198.49;24.47;214.26;17.94;228.45;9.87;241.18;0.78;252.86;-8.89;264.04;--;--;--;--;--;--;--;--;--;--;
2021-10-21;--;--;--;--;--;--;--;--;--;--;--;--;--;--;--;--;11.30;121.28;19.08;134.26;25.21;148.74;29.10;164.73;30.26;181.64;28.52;198.45;24.13;214.15;17.61;228.30;9.55;241.00;0.48;252.66;-9.18;263.83;--;--;--;--;--;--;--;--;--;--;
2021-10-22;--;--;--;--;--;--;--;--;--;--;--;--;--;--;--;--;11.03;121.52;18.79;134.47;24.89;148.91;28.76;164.84;29.90;181.68;28.16;198.40;23.79;214.04;17.29;228.15;9.25;240.82;0.19;252.46;-9.46;263.62;--;--;--;--;--;--;--;--;--;--;
2021-10-23;--;--;--;--;--;--;--;--;--;--;--;--;--;--;--;--;10.76;121.75;18.49;134.68;24.57;149.08;28.42;164.95;29.55;181.71;27.82;198.36;23.45;213.94;16.96;228.00;8.94;240.64;-0.10;252.27;-9.75;263.41;--;--;--;--;--;--;--;--;--;--;
2021-10-24;--;--;--;--;--;--;--;--;--;--;--;--;--;--;--;--;10.49;121.98;18.20;134.89;24.26;149.25;28.08;165.05;29.20;181.74;27.47;198.31;23.11;213.83;16.65;227.85;8.64;240.46;-0.39;252.07;-10.03;263.19;--;--;--;--;--;--;--;--;--;--;
2021-10-25;--;--;--;--;--;--;--;--;--;--;--;--;--;--;--;--;10.22;122.21;17.91;135.09;23.94;149.41;27.75;165.15;28.86;181.76;27.13;198.26;22.78;213.71;16.34;227.70;8.35;240.28;-0.67;251.87;-10.30;262.98;--;--;--;--;--;--;--;--;--;--;
2021-10-26;--;--;--;--;--;--;--;--;--;--;--;--;--;--;--;--;9.96;122.43;17.63;135.28;23.63;149.56;27.41;165.25;28.52;181.79;26.79;198.21;22.46;213.60;16.03;227.54;8.06;240.10;-0.95;251.67;--;--;--;--;--;--;--;--;--;--;--;--;
2021-10-27;--;--;--;--;--;--;--;--;--;--;--;--;--;--;--;--;9.69;122.64;17.34;135.47;23.32;149.71;27.09;165.34;28.18;181.80;26.45;198.15;22.14;213.49;15.72;227.39;7.77;239.92;-1.23;251.47;--;--;--;--;--;--;--;--;--;--;--;--;
2021-10-28;--;--;--;--;--;--;--;--;--;--;--;--;--;--;--;--;9.43;122.85;17.05;135.66;23.01;149.85;26.76;165.42;27.84;181.82;26.12;198.10;21.82;213.37;15.42;227.23;7.49;239.74;-1.49;251.27;--;--;--;--;--;--;--;--;--;--;--;--;
2021-10-29;--;--;--;--;--;--;--;--;--;--;--;--;--;--;--;--;9.16;123.06;16.77;135.83;22.71;149.99;26.43;165.50;27.51;181.83;25.79;198.04;21.50;213.26;15.13;227.08;7.21;239.56;-1.76;251.07;--;--;--;--;--;--;--;--;--;--;--;--;
2021-10-30;--;--;--;--;--;--;--;--;--;--;--;--;--;--;--;--;8.90;123.26;16.49;136.01;22.40;150.13;26.11;165.58;27.18;181.84;25.47;197.98;21.20;213.14;14.84;226.92;6.93;239.38;-2.02;250.87;--;--;--;--;--;--;--;--;--;--;--;--;
2021-10-31;--;--;--;--;--;--;--;--;--;--;--;--;--;--;--;--;-0.08;111.77;8.64;123.45;16.20;136.18;22.10;150.26;25.80;165.65;26.86;181.84;25.15;197.91;20.89;213.02;14.55;226.76;6.67;239.20;--;--;--;--;--;--;--;--;--;--;--;--;
2021-11-01;--;--;--;--;--;--;--;--;--;--;--;--;--;--;--;--;-0.33;111.98;8.38;123.64;15.92;136.34;21.80;150.38;25.48;165.72;26.54;181.84;24.84;197.85;20.59;212.90;14.27;226.61;6.40;239.01;--;--;--;--;--;--;--;--;--;--;--;--;
2021-11-02;--;--;--;--;--;--;--;--;--;--;--;--;--;--;--;--;-0.57;112.19;8.12;123.83;15.65;136.50;21.50;150.50;25.17;165.78;26.22;181.84;24.53;197.78;20.30;212.78;13.99;226.45;6.14;238.83;--;--;--;--;--;--;--;--;--;--;--;--;
2021-11-03;--;--;--;--;--;--;--;--;--;--;--;--;--;--;--;--;-0.81;112.38;7.86;124.01;15.37;136.65;21.21;150.61;24.86;165.84;25.91;181.83;24.22;197.71;20.01;212.66;13.72;226.29;5.89;238.65;--;--;--;--;--;--;--;--;--;--;--;--;
2021-11-04;--;--;--;--;--;--;--;--;--;--;--;--;--;--;--;--;--;--;7.61;124.18;15.10;136.80;20.92;150.72;24.56;165.90;25.60;181.82;23.92;197.63;19.72;212.54;13.45;226.13;5.64;238.47;--;--;--;--;--;--;--;--;--;--;--;--;
2021-11-05;--;--;--;--;--;--;--;--;--;--;--;--;--;--;--;--;--;--;7.35;124.35;14.82;136.94;20.63;150.82;24.26;165.94;25.30;181.80;23.62;197.56;19.44;212.41;13.19;225.97;5.40;238.28;--;--;--;--;--;--;--;--;--;--;--;--;
2021-11-06;--;--;--;--;--;--;--;--;--;--;--;--;--;--;--;--;--;--;7.10;124.51;14.55;137.08;20.34;150.92;23.96;165.99;25.00;181.79;23.33;197.48;19.17;212.29;12.94;225.81;5.16;238.10;--;--;--;--;--;--;--;--;--;--;--;--;
2021-11-07;--;--;--;--;--;--;--;--;--;--;--;--;--;--;--;--;--;--;6.85;124.67;14.29;137.21;20.06;151.01;23.67;166.03;24.70;181.77;23.05;197.40;18.90;212.16;12.69;225.65;4.93;237.92;--;--;--;--;--;--;--;--;--;--;--;--;
2021-11-08;--;--;--;--;--;--;--;--;--;--;--;--;--;--;--;--;--;--;6.60;124.82;14.02;137.33;19.78;151.10;23.38;166.06;24.41;181.74;22.77;197.32;18.63;212.03;12.44;225.49;4.70;237.74;--;--;--;--;--;--;--;--;--;--;--;--;
2021-11-09;--;--;--;--;--;--;--;--;--;--;--;--;--;--;--;--;--;--;6.35;124.97;13.76;137.45;19.50;151.18;23.09;166.10;24.13;181.71;22.49;197.24;18.37;211.90;12.20;225.33;4.48;237.55;--;--;--;--;--;--;--;--;--;--;--;--;
2021-11-10;--;--;--;--;--;--;--;--;--;--;--;--;--;--;--;--;--;--;6.11;125.11;13.50;137.57;19.23;151.26;22.81;166.12;23.85;181.68;22.22;197.15;18.12;211.77;11.97;225.17;4.27;237.37;--;--;--;--;--;--;--;--;--;--;--;--;
2021-11-11;--;--;--;--;--;--;--;--;--;--;--;--;--;--;--;--;--;--;5.86;125.25;13.24;137.68;18.96;151.33;22.53;166.14;23.57;181.65;21.95;197.06;17.87;211.64;11.74;225.01;4.06;237.19;--;--;--;--;--;--;--;--;--;--;--;--;
2021-11-12;--;--;--;--;--;--;--;--;--;--;--;--;--;--;--;--;--;--;5.62;125.38;12.99;137.78;18.70;151.39;22.26;166.16;23.30;181.61;21.70;196.97;17.63;211.51;11.52;224.85;3.86;237.01;--;--;--;--;--;--;--;--;--;--;--;--;
2021-11-13;--;--;--;--;--;--;--;--;--;--;--;--;--;--;--;--;--;--;5.38;125.50;12.74;137.88;18.43;151.46;21.99;166.17;23.04;181.57;21.44;196.88;17.39;211.38;11.31;224.69;3.66;236.83;--;--;--;--;--;--;--;--;--;--;--;--;
2021-11-14;--;--;--;--;--;--;--;--;--;--;--;--;--;--;--;--;--;--;5.15;125.62;12.49;137.97;18.18;151.51;21.73;166.18;22.78;181.52;21.19;196.78;17.17;211.24;11.10;224.53;3.47;236.65;--;--;--;--;--;--;--;--;--;--;--;--;
2021-11-15;--;--;--;--;--;--;--;--;--;--;--;--;--;--;--;--;--;--;4.91;125.73;12.24;138.06;17.92;151.56;21.47;166.19;22.52;181.48;20.95;196.69;16.94;211.11;10.89;224.36;3.29;236.47;--;--;--;--;--;--;--;--;--;--;--;--;
2021-11-16;--;--;--;--;--;--;--;--;--;--;--;--;--;--;--;--;--;--;4.68;125.84;12.00;138.14;17.67;151.61;21.22;166.18;22.27;181.43;20.72;196.59;16.72;210.97;10.70;224.20;3.11;236.29;--;--;--;--;--;--;--;--;--;--;--;--;
2021-11-17;--;--;--;--;--;--;--;--;--;--;--;--;--;--;--;--;--;--;4.45;125.94;11.76;138.21;17.43;151.65;20.97;166.18;22.03;181.37;20.49;196.49;16.51;210.84;10.51;224.04;2.94;236.11;--;--;--;--;--;--;--;--;--;--;--;--;
2021-11-18;--;--;--;--;--;--;--;--;--;--;--;--;--;--;--;--;--;--;4.23;126.04;11.53;138.28;17.18;151.68;20.72;166.17;21.79;181.32;20.26;196.39;16.31;210.70;10.32;223.88;2.77;235.93;--;--;--;--;--;--;--;--;--;--;--;--;
2021-11-19;--;--;--;--;--;--;--;--;--;--;--;--;--;--;--;--;--;--;4.01;126.12;11.30;138.35;16.95;151.71;20.49;166.16;21.56;181.26;20.04;196.29;16.11;210.56;10.14;223.72;2.61;235.75;--;--;--;--;--;--;--;--;--;--;--;--;
2021-11-20;--;--;--;--;--;--;--;--;--;--;--;--;--;--;--;--;--;--;3.79;126.21;11.07;138.40;16.71;151.73;20.25;166.14;21.33;181.19;19.83;196.18;15.92;210.43;9.97;223.56;2.46;235.58;--;--;--;--;--;--;--;--;--;--;--;--;
2021-11-21;--;--;--;--;--;--;--;--;--;--;--;--;--;--;--;--;--;--;3.57;126.29;10.85;138.46;16.49;151.75;20.03;166.12;21.11;181.13;19.63;196.07;15.73;210.29;9.81;223.40;2.31;235.40;--;--;--;--;--;--;--;--;--;--;--;--;
2021-11-22;--;--;--;--;--;--;--;--;--;--;--;--;--;--;--;--;--;--;3.36;126.36;10.63;138.50;16.26;151.77;19.80;166.09;20.90;181.06;19.43;195.97;15.55;210.15;9.65;223.24;2.18;235.23;--;--;--;--;--;--;--;--;--;--;--;--;
2021-11-23;--;--;--;--;--;--;--;--;--;--;--;--;--;--;--;--;--;--;3.15;126.42;10.41;138.54;16.04;151.78;19.59;166.06;20.69;180.99;19.24;195.86;15.38;210.01;9.50;223.08;2.04;235.05;--;--;--;--;--;--;--;--;--;--;--;--;
2021-11-24;--;--;--;--;--;--;--;--;--;--;--;--;--;--;--;--;--;--;2.94;126.48;10.20;138.58;15.83;151.78;19.38;166.03;20.49;180.91;19.05;195.75;15.22;209.87;9.35;222.92;1.92;234.88;--;--;--;--;--;--;--;--;--;--;--;--;
2021-11-25;--;--;--;--;--;--;--;--;--;--;--;--;--;--;--;--;--;--;2.74;126.54;10.00;138.61;15.62;151.78;19.17;165.99;20.30;180.83;18.87;195.63;15.06;209.73;9.22;222.77;1.80;234.71;--;--;--;--;--;--;--;--;--;--;--;--;
2021-11-26;--;--;--;--;--;--;--;--;--;--;--;--;--;--;--;--;--;--;2.54;126.58;9.79;138.63;15.42;151.77;18.97;165.95;20.11;180.75;18.70;195.52;14.91;209.59;9.09;222.61;1.69;234.54;--;--;--;--;--;--;--;--;--;--;--;--;
2021-11-27;--;--;--;--;--;--;--;--;--;--;--;--;--;--;--;--;--;--;2.35;126.63;9.60;138.65;15.22;151.76;18.78;165.90;19.92;180.67;18.54;195.40;14.76;209.45;8.96;222.45;1.58;234.38;--;--;--;--;--;--;--;--;--;--;--;--;
2021-11-28;--;--;--;--;--;--;--;--;--;--;--;--;--;--;--;--;--;--;2.16;126.66;9.40;138.67;15.03;151.75;18.59;165.85;19.75;180.59;18.38;195.29;14.62;209.32;8.85;222.30;1.48;234.21;--;--;--;--;--;--;--;--;--;--;--;--;
2021-11-29;--;--;--;--;--;--;--;--;--;--;--;--;--;--;--;--;--;--;1.97;126.69;9.21;138.67;14.84;151.73;18.41;165.80;19.58;180.50;18.23;195.17;14.49;209.18;8.74;222.14;1.39;234.05;--;--;--;--;--;--;--;--;--;--;--;--;
2021-11-30;--;--;--;--;--;--;--;--;--;--;--;--;--;--;--;--;--;--;1.79;126.72;9.03;138.68;14.66;151.70;18.23;165.74;19.42;180.41;18.08;195.05;14.37;209.04;8.63;221.99;1.31;233.89;--;--;--;--;--;--;--;--;--;--;--;--;
2021-12-01;--;--;--;--;--;--;--;--;--;--;--;--;--;--;--;--;--;--;1.61;126.74;8.85;138.67;14.48;151.67;18.06;165.68;19.26;180.32;17.95;194.93;14.25;208.90;8.54;221.84;1.23;233.73;--;--;--;--;--;--;--;--;--;--;--;--;
2021-12-02;--;--;--;--;--;--;--;--;--;--;--;--;--;--;--;--;--;--;1.44;126.75;8.68;138.67;14.31;151.64;17.90;165.62;19.11;180.22;17.82;194.81;14.15;208.76;8.45;221.69;1.16;233.57;--;--;--;--;--;--;--;--;--;--;--;--;
2021-12-03;--;--;--;--;--;--;--;--;--;--;--;--;--;--;--;--;--;--;1.27;126.75;8.51;138.65;14.15;151.60;17.75;165.55;18.97;180.13;17.69;194.69;14.04;208.62;8.37;221.54;1.10;233.41;--;--;--;--;--;--;--;--;--;--;--;--;
2021-12-04;--;--;--;--;--;--;--;--;--;--;--;--;--;--;--;--;--;--;1.11;126.76;8.35;138.63;13.99;151.56;17.60;165.48;18.84;180.03;17.58;194.57;13.95;208.48;8.29;221.40;1.04;233.26;--;--;--;--;--;--;--;--;--;--;--;--;
2021-12-05;--;--;--;--;--;--;--;--;--;--;--;--;--;--;--;--;--;--;0.95;126.75;8.19;138.61;13.84;151.51;17.45;165.41;18.71;179.93;17.47;194.45;13.86;208.35;8.23;221.25;0.99;233.11;--;--;--;--;--;--;--;--;--;--;--;--;
2021-12-06;--;--;--;--;--;--;--;--;--;--;--;--;--;--;--;--;--;--;0.79;126.74;8.04;138.58;13.69;151.46;17.32;165.33;18.59;179.82;17.37;194.33;13.78;208.21;8.17;221.11;0.95;232.96;--;--;--;--;--;--;--;--;--;--;--;--;
2021-12-07;--;--;--;--;--;--;--;--;--;--;--;--;--;--;--;--;--;--;0.64;126.72;7.89;138.55;13.55;151.40;17.19;165.25;18.48;179.72;17.28;194.20;13.71;208.08;8.12;220.97;0.91;232.82;--;--;--;--;--;--;--;--;--;--;--;--;
2021-12-08;--;--;--;--;--;--;--;--;--;--;--;--;--;--;--;--;--;--;0.50;126.70;7.75;138.51;13.41;151.34;17.07;165.17;18.37;179.61;17.19;194.08;13.65;207.94;8.07;220.83;0.89;232.68;--;--;--;--;--;--;--;--;--;--;--;--;
2021-12-09;--;--;--;--;--;--;--;--;--;--;--;--;--;--;--;--;--;--;0.36;126.68;7.61;138.47;13.29;151.28;16.95;165.08;18.27;179.51;17.11;193.96;13.59;207.81;8.03;220.69;0.86;232.54;--;--;--;--;--;--;--;--;--;--;--;--;
2021-12-10;--;--;--;--;--;--;--;--;--;--;--;--;--;--;--;--;--;--;0.22;126.64;7.48;138.42;13.17;151.21;16.84;164.99;18.18;179.40;17.04;193.83;13.54;207.68;8.00;220.55;0.85;232.40;--;--;--;--;--;--;--;--;--;--;--;--;
2021-12-11;--;--;--;--;--;--;--;--;--;--;--;--;--;--;--;--;--;--;0.09;126.61;7.36;138.36;13.05;151.14;16.74;164.90;18.10;179.29;16.98;193.71;13.50;207.55;7.98;220.42;0.84;232.27;--;--;--;--;--;--;--;--;--;--;--;--;
2021-12-12;--;--;--;--;--;--;--;--;--;--;--;--;--;--;--;--;--;--;-0.03;126.56;7.24;138.31;12.94;151.06;16.65;164.80;18.02;179.18;16.92;193.59;13.46;207.42;7.96;220.29;0.84;232.14;--;--;--;--;--;--;--;--;--;--;--;--;
2021-12-13;--;--;--;--;--;--;--;--;--;--;--;--;--;--;--;--;--;--;-0.15;126.51;7.13;138.24;12.84;150.98;16.56;164.70;17.95;179.06;16.87;193.46;13.43;207.29;7.95;220.16;0.85;232.01;--;--;--;--;--;--;--;--;--;--;--;--;
2021-12-14;--;--;--;--;--;--;--;--;--;--;--;--;--;--;--;--;--;--;-0.26;126.46;7.03;138.18;12.75;150.90;16.48;164.60;17.89;178.95;16.83;193.34;13.41;207.16;7.95;220.04;0.86;231.89;--;--;--;--;--;--;--;--;--;--;--;--;
2021-12-15;--;--;--;--;--;--;--;--;--;--;--;--;--;--;--;--;--;--;-0.37;126.40;6.93;138.10;12.66;150.81;16.41;164.50;17.84;178.83;16.80;193.22;13.40;207.04;7.96;219.91;0.88;231.77;--;--;--;--;--;--;--;--;--;--;--;--;
2021-12-16;--;--;--;--;--;--;--;--;--;--;--;--;--;--;--;--;--;--;-0.47;126.34;6.83;138.03;12.58;150.72;16.34;164.40;17.79;178.72;16.77;193.10;13.39;206.92;7.97;219.79;0.91;231.65;--;--;--;--;--;--;--;--;--;--;--;--;
2021-12-17;--;--;--;--;--;--;--;--;--;--;--;--;--;--;--;--;--;--;-0.57;126.27;6.75;137.95;12.50;150.63;16.29;164.29;17.75;178.60;16.76;192.97;13.40;206.80;7.99;219.68;0.94;231.54;--;--;--;--;--;--;--;--;--;--;--;--;
2021-12-18;--;--;--;--;--;--;--;--;--;--;--;--;--;--;--;--;--;--;-0.66;126.19;6.67;137.86;12.44;150.53;16.23;164.18;17.72;178.48;16.75;192.85;13.41;206.68;8.01;219.56;0.98;231.43;--;--;--;--;--;--;--;--;--;--;--;--;
2021-12-19;--;--;--;--;--;--;--;--;--;--;--;--;--;--;--;--;--;--;-0.74;126.11;6.59;137.77;12.38;150.43;16.19;164.07;17.70;178.36;16.74;192.73;13.42;206.56;8.05;219.45;1.03;231.32;--;--;--;--;--;--;--;--;--;--;--;--;
2021-12-20;--;--;--;--;--;--;--;--;--;--;--;--;--;--;--;--;--;--;-0.82;126.03;6.52;137.68;12.32;150.33;16.16;163.96;17.68;178.25;16.75;192.61;13.45;206.45;8.09;219.34;1.08;231.22;--;--;--;--;--;--;--;--;--;--;--;--;
2021-12-21;--;--;--;--;--;--;--;--;--;--;--;--;--;--;--;--;--;--;--;--;6.46;137.58;12.28;150.22;16.13;163.84;17.67;178.13;16.76;192.49;13.48;206.33;8.14;219.24;1.14;231.13;--;--;--;--;--;--;--;--;--;--;--;--;
2021-12-22;--;--;--;--;--;--;--;--;--;--;--;--;--;--;--;--;--;--;--;--;6.41;137.48;12.24;150.11;16.11;163.73;17.67;178.01;16.78;192.38;13.52;206.22;8.19;219.14;1.21;231.03;--;--;--;--;--;--;--;--;--;--;--;--;
2021-12-23;--;--;--;--;--;--;--;--;--;--;--;--;--;--;--;--;--;--;--;--;6.36;137.38;12.20;150.00;16.09;163.61;17.68;177.89;16.81;192.26;13.56;206.11;8.25;219.04;1.28;230.94;--;--;--;--;--;--;--;--;--;--;--;--;
2021-12-24;--;--;--;--;--;--;--;--;--;--;--;--;--;--;--;--;--;--;--;--;6.32;137.27;12.18;149.88;16.09;163.49;17.70;177.77;16.84;192.15;13.62;206.01;8.32;218.95;1.36;230.86;--;--;--;--;--;--;--;--;--;--;--;--;
2021-12-25;--;--;--;--;--;--;--;--;--;--;--;--;--;--;--;--;--;--;--;--;6.29;137.15;12.16;149.76;16.09;163.37;17.72;177.65;16.89;192.03;13.68;205.91;8.40;218.86;1.45;230.78;--;--;--;--;--;--;--;--;--;--;--;--;
2021-12-26;--;--;--;--;--;--;--;--;--;--;--;--;--;--;--;--;--;--;--;--;6.26;137.04;12.15;149.64;16.10;163.24;17.75;177.53;16.94;191.92;13.75;205.81;8.48;218.77;1.54;230.71;--;--;--;--;--;--;--;--;--;--;--;--;
2021-12-27;--;--;--;--;--;--;--;--;--;--;--;--;--;--;--;--;--;--;--;--;6.24;136.92;12.15;149.52;16.12;163.12;17.79;177.41;17.00;191.81;13.82;205.71;8.57;218.69;1.64;230.64;--;--;--;--;--;--;--;--;--;--;--;--;
2021-12-28;--;--;--;--;--;--;--;--;--;--;--;--;--;--;--;--;--;--;--;--;6.23;136.80;12.15;149.40;16.14;162.99;17.83;177.29;17.06;191.70;13.91;205.62;8.66;218.61;1.74;230.57;--;--;--;--;--;--;--;--;--;--;--;--;
2021-12-29;--;--;--;--;--;--;--;--;--;--;--;--;--;--;--;--;--;--;--;--;6.22;136.67;12.17;149.27;16.17;162.87;17.89;177.17;17.13;191.60;13.99;205.52;8.76;218.53;1.85;230.51;--;--;--;--;--;--;--;--;--;--;--;--;
2021-12-30;--;--;--;--;--;--;--;--;--;--;--;--;--;--;--;--;--;--;--;--;6.22;136.54;12.18;149.14;16.21;162.74;17.95;177.05;17.21;191.49;14.09;205.44;8.87;218.46;1.97;230.45;--;--;--;--;--;--;--;--;--;--;--;--;
2021-12-31;--;--;--;--;--;--;--;--;--;--;--;--;--;--;--;--;--;--;--;--;6.23;136.41;12.21;149.01;16.26;162.61;18.02;176.93;17.30;191.39;14.19;205.35;8.99;218.39;2.09;230.40;--;--;--;--;--;--;--;--;--;--;--;--;
2022-01-01;--;--;--;--;--;--;--;--;--;--;--;--;--;--;--;--;--;--;--;--;6.25;136.24;12.25;148.84;16.33;162.45;18.11;176.78;17.42;191.26;14.33;205.25;9.14;218.32;2.25;230.35;--;--;--;--;--;--;--;--;--;--;--;--;
